description,max_salary
"Our client is a top-tier financial markets technology firm, renowned for its powerful trading systems that operate globally. Leveraging cutting-edge technology, they trade virtually all listed financial products and classes. Join their elite team and contribute to the future of high-frequency trading! As a Senior Network Engineer, you’ll play a pivotal role in designing, building, and enhancing reliable, low-latency network infrastructure. Your expertise will directly impact the performance and stability of critical trading systems. If you thrive on challenges, embrace innovation, and seek to optimize network efficiency, this role is tailor-made for you. They are looking to grow their team here in NYC, and is a hybrid role, 3 days a week in the office. 
Responsibilities:Build, optimize, and support infrastructure vital to trading-related businesses.Provide recommendations to enhance performance, including lowering latency, increasing throughput, and improving redundancy.
Skills and Qualifications:5+ years of experience in Network Engineering or Design.Proficiency with Cisco and Arista hardware and software.Strong understanding of networking topologies (BGP, OSPF, etc).Expertise in Multicast routing.8+ years of experience with low-latency trading systems and financial exchange connectivity.Familiarity with packet-level analysis and network monitoring tools Automation/scripting skills (e.g., Python, Golang, or similar).
If you're ready to make an impact in the world of ultra low latency trading, apply now!
** This role is not open to C2C **",250000
"Regis is a real estate investor and operator that creates investment strategies and platforms with secure income streams and a strong growth profile. We have formed new, industry leading platforms across the US and UK, with $27bn TEV invested or managed since inception. Regis has introduced 11 new operating platforms, including Invitation Homes, the first largescale SFR platform ($11bn TEV invested in partnership with Blackstone); Sage Homes, the largest private UK affordable housing platform (£4.1bn TEV invested to date in partnership with Blackstone); and Haven Capital, the leading private US ground lease investment platform ($1bn TEV committed). 
We are currently seeking an Analyst to join our Investments team in New York, NY. As a Regis analyst, the candidate would work on investments across all strategies, including SFR, BTR, commercial ground leases, affordable housing, multifamily, and other corporate / platform led strategies. 
Responsibilities: • Support senior management with all analytical and transactional aspects of acquiring an investment, including due diligence, market research, financing, and closing • Underwrite potential investment opportunities across all major asset types and develop a deep understanding of all major markets • Create and maintain various financial models, presentations and investment summaries • Interface with partners, lenders, and brokers • Assist in the creation of quarterly asset management reports • Review third-party reports, engineering reports, appraisals, market studies and other pertinent real estate documents with the goal of abstracting relevant and actionable data • Communicate with various acquisition process stakeholders exhibiting a high degree of social intelligence and discretion • Perform special ad hoc projects and analysis on a frequent basis
Qualifications: Regis seeks to hire individuals who are highly motivated, mature, intelligent and have demonstrated excellence in prior endeavors. In addition to strong analytical skills, the successful candidate should have: • Bachelor’s Degree • 1 to 3 years of real estate investing experience • Outstanding quantitative skills with a proficiency in Excel, PowerPoint, and Argus • Exceptional written, verbal, and interpersonal communication stills • Ability to multi-task and execute a wide range of assignments • Interest in an entrepreneurial environment with significant growth potential • Team-oriented and collaborative • Highly organized with strong attention to detail

Regis is an equal opportunity employer. We celebrate diversity and are committed to creating an inclusive environment for all employees.",220000
"The Controller will be responsible for the integrity of the financial records, production of all management, financial and regulatory reports, budgeting & planning.Client DetailsWell-known Real Estate Developer looking for a Controller to be the number 1 in the Accounting and Finance team. DescriptionProvide financial analysis and insights to support decision-making processes and strategic planning initiatives.Collaborate with Project Managers, department heads, Project Executives to monitor project budgets, analyze variances, and ensure profitability.Supervise and mentor finance/accounting staff, fostering a culture of excellence, teamwork, and continuous improvement.Stay current on regulatory changes and industry best practices related to government contracting and financial management.Ensure the accuracy of the financial records of the BankManage the preparation of all financial, management, and regulatory reportingSupport month-end and year-end closeStreamline processes, automate reports and maintain procedures and policiesPrepare financial analysisPrepare annual budgetProfileCPAReal Estate, Developer experience8 plus years of senior accounting experienceMinimum Bachelor of Science degree in AccountingJob OfferGreat SalaryBonusWork/life balanceGreat benefits 
MPI does not discriminate on the basis of race, color, religion, sex, sexual orientation, gender identity or expression, national origin, age, disability, veteran status, marital status, or based on an individual's status in any group or class protected by applicable federal, state or local law. MPI encourages applications from minorities, women, the disabled, protected veterans and all other qualified applicants.",180000
"Our client, a leading trading and Investment Firm, is seeking a new Full-Time/Permanent Executive Assistant/Office Manager for its newly established Midtown New York City office. This person will be supporting the company’s President while ensuring efficient day to day office operations. Candidates must have a minimum of 10+ years of applicable high-level executive administrative support experience, ideally working in financial services and/or a small family office environment where they have worn many hats, and a Bachelor’s degree is required/strongly preferred. Ideal candidates should be smart, extremely organized, mature-minded, professional, flexible, proactive, collaborative, effective problem solvers, calm under pressure, and be able to thrive in a fast-paced environment. 
Salary depends on experience (125-135k base), plus discretionary bonus eligibility (all in 150-160k).
Responsibilities:
Provide high-level executive administrative support to the President.Schedule and organize extensive internal and external meetings, conference/video calls, and appointments across multiple time zones; manage and maintain a busy and ever-changing calendar.Prepare and distribute agendas (including updating PowerPoint Presentations) and other materials for meetings.Prepare and edit correspondence, presentations, reports, and other documents.Coordinate high volume of complex international and domestic travel arrangements and detailed itineraries.Responsible for expense tracking and invoicing.Handle confidential information with discretion and professionalism.Responsible for effective collaboration with other areas of the firmManage time-off requests for President’s direct reports.Oversee day-to-day office operations, including maintaining office supplies, equipment, and facilities. General vendor management/agreements will be handled through the facilities manager located in the company’s headquarters.Coordinate office events, meetings, and conferences, including logistics and catering arrangements.Maintain and implement (when required) office policies and procedures.Manage Jr. Admin/Receptionist.
Required Qualifications:
Minimum of 10+ years of prior experience in an Executive Administrative role in a fast-paced environment, ideally within financial services and/or small family office where they have worn many hats.Ideal candidates should have experience working in a smaller office environment performing a dual role of Executive Assistant & Office Manager.Bachelor’s degree required/strongly preferred.Exceptional organizational skills and attention to detail.Strong written and verbal communication skills.Ability to prioritize tasks and manage changing priorities in a deadline-driven environment.Discretion and professionalism in handling confidential information with discretion and professionalism.Demonstrated ability to collaborate effectively with all levels of employees.Strong proficiency in Microsoft Outlook, Word, Excel, and PowerPoint.
If you meet the required qualifications and are interested in this role, please apply today.
The Solomon Page Distinction
Our teams, comprised of subject matter experts, develop an interest in your preferences and goals and we act as an advisor for your career advancement. Solomon Page has an extensive network of established clients which allows us to present opportunities that are well-suited to your respective goals and needs – this specialized approach sets us apart in the industries we serve.
About Solomon Page
Founded in 1990, Solomon Page is a specialty niche provider of staffing and executive search solutions across a wide array of functions and industries. The success of Solomon Page reflects an organic growth strategy supported by a highly entrepreneurial culture. Acting as a strategic partner to our clients and candidates, we focus on providing customized solutions and building long-term relationships based on trust, respect, and the consistent delivery of excellent results. For more information and additional opportunities, visit: solomonpage.com and connect with us on Facebook, and LinkedIn.
Opportunity Awaits.",135000
"Grade 104

Job Type: Officer of AdministrationRegular/Temporary: RegularHours Per Week: 35Salary Range: $65,000 - $70,000

The salary of the finalist selected for this role will be set based on a variety of factors, including but not limited to departmental budgets, qualifications, experience, education, licenses, specialty, and training. The above hiring range represents the University's good faith and reasonable estimate of the range of possible compensation at the time of posting.

Position Summary

Reporting directly to the Associate Director of Finance of the Clinical Trials Office (CTO) of Columbia University's Vagelos College of Physicians & Surgeons (VP&S) at Columbia University Irving Medical Center (CUIMC), the Financial Analyst oversees the financial management of industry-sponsored clinical trials at CUMC on behalf of study teams. The Financial Analyst will work closely with CTO colleagues, including financial analysts, contract officers, and budget analysts, as well as investigators and their research teams for the financial management of industry-sponsored clinical trials.

The CTO assists investigators and academic/research staff in developing clinical trials at VP&S and provides administrative resources and infrastructure to build and sustain clinical trials research at VP&S.

Responsibilities

The Financial Analyst primary responsibilities include:

Reconcile accruals, payments, invoices, and other financial activity for clinical trial accounts through detailed analysis and proper documentation.Establish and maintain frequent communication with sponsors, investigators, research teams or research administrators regarding account status and issues.Identify and address collection issues by tracking receipt of payments and analyzing aging and uncollectible account receivable balances.Ensure the accuracy of financial data: interpreting and analyzing account activity, auditing financial issues, and working with CTO colleagues, research teams, and sponsors to resolve issues.Create and update accounts within the university accounting system.Interpret contract and budget language to ensure efficient collection of payments.Create, distribute, and follow up on invoices for assigned caseload.Respond to inquiries in a timely manner and providing feedback and solutions to financial issues.Analyze and present on financial activity for assigned caseload.Maintain current knowledge of university policies as it relates to industry-sponsored clinical trials.Ensure CTO closeout processes are performed through thorough review of contract, budget, accruals, and payments.Assist management in identifying opportunities to improve processes: providing input for streamlining processes to facilitate collecting and analyzing data. Recommending improvements to current reconciliation process.Performs related duties & responsibilities as assigned/requested.

Minimum Qualifications

Bachelor’s Degree or equivalent in education and experience plus three years of related experience.

Preferred Qualifications

Proficiency in Microsoft Office Suite (minimum intermediate level in Excel required); Zoom and Microsoft TeamsExcellent analytical and critical thinking abilities, organizational, time management, problem solving skills, and attention to detailWorking knowledge of clinical researchDemonstrate ability to collaborate with partners in research, investigators and research teamsAbility to manage/handle multiple tasksStrong customer service, oral and written communication skillsAbility to work in teams and independently in a highly productive environment

Equal Opportunity Employer / Disability / Veteran

Columbia University is committed to the hiring of qualified local residents.",70000
"Bloomberg delivers critical information in a world where information matters. We give influential decision makers in business, finance and government a competitive edge by connecting them to a dynamic network of news, people and ideas. To do that, we need a constant flow of ideas, energy and innovation-which is where you come in.

Bloomberg Television is looking for a highly motivated Executive Producer to lead our flagship morning program. The position is based in New York and reports to the Head of Television, US.

You will be responsible for overseeing the editorial vision and production of our morning program on Bloomberg Television. You will be expected to manage a team of producers and to think strategically about how to improve the daily program and grow our audience with new segments, coverage angles and special programs.

You should have exceptional news judgement and specific experience in covering business, finance and the economy on a global scale. You embrace challenges, make split-second decisions, thrive in a fast-paced environment and are an effective communicator across a global newsroom.

WE'LL TRUST YOU TO: 

 Manage a growing, global team of producers and bookers. Oversee our editorial and production values and represent the goals of our program to external and internal audiences. Work closely with our anchors and other on air contributors to improve our product and reach.Be proactive - pitch ideas, be creative, bring your expertise to the table and elevate our content. Book newsmakers and develop relationships within the business, finance and public relations communities globally. Collaborate with other Bloomberg Media platforms to promote our content. Work well under pressure in a fast-paced newsroom environment, be able to pivot and react as news events evolve.

YOU'LL NEED TO HAVE: 

 Bachelor's degree or equivalent At least 10 years of experience leading a network level broadcast program and team (or other equivalent experience). Extensive knowledge of (and interest in) business news and financial markets. Problem solving skills, with the ability to work under deadline pressure. Flexibility with hours and early morning start times.

IF THIS SOUNDS LIKE YOU:

Apply if you think we're a good match. We'll get in touch to let you know that the next steps are, but in the meantime feel free to have a look at: https://www.bloomberg.com/company/careers/working-here/media/?tactic-page=588594

Bloomberg is an equal opportunity employer and we value diversity at our company. We do not discriminate on the basis of age, ancestry, color, gender identity or expression, genetic predisposition or carrier status, marital status, national or ethnic origin, race, religion or belief, sex, sexual orientation, sexual and other reproductive health decisions, parental or caring status, physical or mental disability, pregnancy or maternity/parental leave, protected veteran status, status as a victim of domestic violence, or any other classification protected by applicable law.

Bloomberg provides reasonable adjustment/accommodation to qualified individuals with disabilities. Please tell us if you require a reasonable adjustment/accommodation to apply for a job or to perform your job. Examples of reasonable adjustment/accommodation include but are not limited to making a change to the application process or work procedures, providing documents in an alternate format, using a sign language interpreter, or using specialized equipment. If you would prefer to discuss this confidentially, please email AMER_recruit@bloomberg.net (Americas), EMEA_recruit@bloomberg.net (Europe, the Middle East and Africa), or APAC_recruit@bloomberg.net (Asia-Pacific), based on the region you are submitting an application for.

Salary Range: 170,000 - 195,000 USD Annually + Benefits + Bonus

The referenced salary range is based on the Company's good faith belief at the time of posting. Actual compensation may vary based on factors such as geographic location, work experience, market conditions, education/training and skill level.

We offer one of the most comprehensive and generous benefits plans available and offer a range of total rewards that may include merit increases, incentive compensation [Exempt roles only], paid holidays, paid time off, medical, dental, vision, short and long term disability benefits, 401(k) +match, life insurance, and various wellness programs, among others. The Company does not provide benefits directly to contingent workers/contractors and interns.",195000
"My client is a $4bAUM Private Equity firm seeking an Assistant Controller to work closely with and support our finance and investment teams. The primary responsibility of this role is to assist in managing all aspects of accounting and reporting for our Funds. This includes coordinating capital call/distribution preparation, tax compliance, marketing efforts, and addressing other ad hoc requests. Additionally, the Assistant Controller will collaborate with the investment team on deal activities, funds flow, and tax matters.Responsibilities:Oversee all aspects of fund accounting and financial reporting.Coordinate with fund administrators and review their work, including fund accounting and tax accounting.Understand fund structures and tax issues, identifying and addressing any blockers.Perform fund performance reporting and calculations.Review financial statements.Coordinate audits.Understand Limited Partnership Agreements (LPA) and side letters to monitor compliance.Conduct waterfall calculations.Correspond with Limited Partners and respond to ad hoc requests.Communicate with Portfolio Company CFOs/Controllers.Ensure compliance with credit facility terms.Assist with tax compliance, including reviewing partnership Form K-1s and returns, as well as corporate entity returns.Review carried interest allocations.Coordinate portfolio company tax financial reporting.Assist with the quarterly valuation process and preparation of materials for the Valuation Committee.Handle investor requests.Prepare cash transfers between accounts, set up wires, and review bank reconciliations.Fulfill various ad hoc reporting requests and special projects.Review and modify accounting/financial systems, procedures, and processes, as necessary.Qualifications:Bachelor's degree in Accounting, Finance, or related field; CPA preferred.5-10 years of experience in fund accounting, preferably within private equity, venture capital, or a similar industry.Strong understanding of financial reporting standards and tax regulations.Experience with fund structures, waterfall calculations, and partnership accounting.Excellent communication skills, with the ability to correspond effectively with internal and external stakeholders.Detail-oriented with strong analytical skills.Ability to manage multiple tasks and deadlines effectively.Proficiency in accounting software and Microsoft Excel.Experience with fund administration platforms is a plus.",150000
"Join our mission in simplifying the way that IT assets are procured and managed across the globe, whether your employees are in-office, hybrid, or fully remote. We are a hard-working and committed team, focused on scaling our operations, expanding to new regions, and continually improving our processes, all while putting our customers first. 
Our team is expanding and we are excited to bring on a Manager of Sourcing and Procurement. We’re looking for someone who has experience with hardware reselling, is well-versed in ABM and Autopilot enrollment, is passionate about managing a team, and thrives in a fast-paced, constantly changing environment. 
Key Responsibilities:
Implement quality program to hold vendors accountable to the highest level of service delivery excellenceEvaluate and formalize new vendor relationships to ensure business continuity in existing regions, while also enabling expansion into new regionsAct as the subject matter expert for Autopilot / ABM enrollment & MDM related inquiries (knowledge of ZTE also a plus)Act as the escalation point for all procurement related issuesPartner with Product & Engineering to improve the allwhere platform over time, while also implementing stopgap solutions to solve for immediate-term needsEvaluate end-to-end procurement workflows and implement process improvements to reduce inefficiencies Align procurement operations to industry best practices while also thinking outside the box to implement creative solutions where neededBuild procurement related enablement materials for cross-functional teams as neededDevelop, monitor, and maintain key performance indicators that best demonstrate the performance of the procurement functionImplement creative solutions to reduce procurement related escalations across all regionsBuild processes to maximize margin while prioritizing service delivery excellence Work effectively with stakeholders across multiple levels of the organization in order to achieve business objectives
Qualifications:
Bachelor’s degreeExperience with ABM & Autopilot enrollmentStrong vendor management skillsStrong people management skillsDirect experience working with ERP systems (Acumatica a plus)Prior experience managing or facilitating the resale of IT assetsStrong attention to detail and ability to multitaskExcellent written and verbal communication skillsData-driven mindsetAbility to collaborate effectively with a diverse team in a fast-paced environment
",110000
"🌍 ABOUT LIVEFLOW:We're building LiveFlow to help millions of people build better businesses by helping them manage their finances easily.
Every company has to manage its P&L and its cash. Still, too many companies drown because of manual financial work, the absence of understanding of how their numbers work, and too many other day-to-day priorities.We want to fix that.
We are backed by world-class investors like YC, YC Continuity, Seedcamp, WndrCo, Moonfire, Bradley Horowitz (VP Product, Google), Tomer London (Co-Founder, Gusto), and more.
🧠 ABOUT THE ROLEWe are seeking a dedicated and empathetic Customer Experience Specialist, a vital role designed for individuals passionate about ensuring customer satisfaction. As the pioneer in this position, you will take end-to-end responsibility for crafting unforgettable experiences for our customers.Our high bar is set at a 9.7/10 rating on G2 for Customer Support, and your role will be pivotal in maintaining, if not elevating, this standard.This role is specifically designed for people with top-notch financial modeling skills who are eager to grow their career in a customer-facing role.
WHAT YOU WILL DO:Develop and implement scalable customer experience processes to ensure business growth without compromising customer experience.Address customer support queries promptly and empathetically, consistently exceeding customer expectations.Collaborate closely with our customers to facilitate seamless end-to-end implementation of LiveFlow.Serve as the conduit between our customers and the product and engineering teams, effectively communicating customer issues and feedback internally to drive product improvements.Craft a comprehensive Customer Experience Playbook to catapult LiveFlow to its next level of growth, incorporating customer insights, innovative strategies, and industry best practices.🧳 WHAT WE'RE LOOKING FOR:Bachelor's or Master's degree in FinanceIntermediate financial modeling and Excel skills.A passion for delivering exceptional customer experiences.Excellent communication skills, both written and verbal.Strong problem-solving skills and the ability to think independently in a fast-paced environment.You are humble, you ask a lot of questions, are naturally curious and hungry to achieve impressive things in life and work.BENEFITS:Competitive base salarySubstantial equity packageHealth, vision, and dental insurance401(k)All the latest tech you need; MacBooks, monitors, etc.Monthly budget to spend on books and conferences to keep learningThe estimated base salary for this role is $75,000 - $85,000. This range is subject to change, and the final base salary will be determined by factors such as geographic location, skills, work experience, and business needs.",85000
"Anaplan. As the engine behind back-office system connectivity, you might not recognize our name, but our customers rank among the who’s who in the Fortune 50. Coca-Cola, LinkedIn, Adobe, and Bayer are just a few of the 2,000+ companies that rely on our best-in-class platform and its native AI capabilities to see, plan, and lead their businesses. By dynamically connecting financial, strategic, and operational plans in real-time, companies trust Anaplan to give them the power to anticipate change, address complexity, deliver operational insights, increase profits, and stay ahead of their competition.

What unites Anaplanners across teams and geographies is our commitment to our customers’ success and our collective motivation to achieve ambitious goals. We champion diversity of thought and ideas, and we behave like leaders irrespective of title. When you work for us, you’ll be part of a winning culture that’s dedicated to creating opportunities for our customers, partners, and employees. We hope you’ll join us. Let’s create something incredible together!

What You’ll Be Doing

The Partner Success team works closely with the Anaplan partner ecosystem to further develop the partner's services delivery capabilities. From our Minneapolis office you will work closely with our Alliances, Academy and, Customer Success teams to drive focused partner enablement where we need it most.

Observe, coach and manage Anaplan partner resources through the partner lifecycle, both in the field and via workshop

Internally, Work With The Anaplan Village To

Develop strategic partner development plans alongside designated Alliances, Customer Success, Sales and Channel resourcesContinually evaluate onboarding and training needs for new and existing staff membersLiaise with Partner Operations to review and develop partner metrics which assist in decision making

Externally, regularly interact with Partner practice leads on the following:

Review partner customers portfolio health and design any required action plansMake recommendations and assist with additional training and onsite support if requiredParticipate in regular Partner planning meetings, topics to include: Resource Planning, Review of current engagements, etc.Provide product, field, and local expertise when working with Content Developers/Instructional Designers, to produce high quality, relevant and localized materials. Subjects to include: Connected Planning, Solution Architecture, The Anaplan Way, Pre-Sales Process, New product releasesEstablish and host Partner Days within your region to ensure Partners build up the relevant contacts within Customer Success, Product, Sales and Support.

More About You

Bachelor’s and / or Master’s Degree – Finance, Accounting or MIS preferable6+ years of general EPM consulting experienceFluent (xxx language) and business level English1+ years of Anaplan deployment experience is preferable1+ years of experience leading, managing or coaching othersExpert software training and facilitation skillsDemonstrated experience as a coach and mentor in a software implementation environmentFamiliarity with a formal system implementation methodology – requirements gathering, design, build/test and deploy (Agile methodology preferable)Penchant for service excellence and a collaborative styleSuperb written, oral communication and presentation skillsAbility to work across multiple functions and within a regional remote teamFunctional knowledge in one of Supply Chain, Sales, and FinanceHighly organized, customer-focused, and innovativeResults-oriented, motivated, self-starterCollegial, open and grounded in integrityDesire to work with a truly dynamic and exciting team, with a “roll-up your sleeves” approachFlexible and able to work in fluid environment with changing priorities

Base Salary Range

$154,000—$209,000 USD

Our Commitment to Diversity and Inclusion

Build your job in a place that thrives on diversity, inclusion, and belonging. We believe in maintaining a hiring and working experience in which all people are respected and valued, regardless of gender identity or expression, sexual orientation, religion, ethnicity, age, neurodiversity, disability status, citizenship, or any other aspect which makes people unique. We hire you for who you are, and we want you to bring your true self to work every day!

We will ensure that individuals with disabilities are provided reasonable accommodation to participate in the job application or interview process, perform essential job functions, and receive equitable benefits and all privileges of employment. Please contact us to request accommodation.

Fraud Recruitment Disclaimer

It has come to our attention that fraudulent and fictitious job opportunities are being circulated on the Internet. Prospective candidates are being contacted by certain individuals, mainly through telephone calls, emails and correspondences, claiming they are representatives of Anaplan. The main purpose of these correspondences and announcement is to obtain privileged information from individuals.

Anaplan Does Not

Extend offers to candidates without an extensive interview process with a member of our recruitment team and a hiring manager via video or in person. Send job offers via email. All offers are first extended verbally by a member of our internal recruitment team whenever possible, and then followed up via written communication.

All emails from Anaplan would come from an @anaplan.com email address. Should you have any doubts about the authenticity of an email, letter or telephone communication purportedly from, for, or on behalf of Anaplan, please send an email to humanresources@anaplan.com before taking any further action in relation to the correspondence.",209000
"Job Description

Description: Fixed Income Market risk manager focusing on Interest Rate products. The core of the role is to understand and highlight key changes in Market Risk for all Interest Rate related products and Derivatives. Product scope to include IR Swaps, Corporate Derivatives, Structured Notes, FX, Municipals and Government Bonds.

Responsibilities:

Engage with trading desk to understand trading strategies and changes in risk profile. Communicate key risk changes, market activity, and P/L drivers to senior management. Perform deep dive analyses on products and/or trading strategies as necessary. Assess new products and propose frameworks for managing associated risks. Develop and implement appropriate stress scenarios. Actively participate in weekly risk meetings. Test/onboard new technologies as appropriate. Develop productive working relationships with other support functions, including Middle Office, Operations, Compliance, Technology, and Product Control. 


Qualifications:

Excellent analytical and quantitative skills, strong attention to detail, strong work ethic, and high emotional intelligence. Ability to draw conclusions from complex information and communicate those conclusions clearly to a senior audience. Ability to multitask, work under pressure, and prioritize tasks in a trading floor environment. Team player who is also a resourceful self-starter. 


Requirements:

Master’s degree in a relevant field, very strong & experienced candidates with Bachelor will be considered. 5-7 years of direct Fixed Income market risk experience required, exposure to CVA and Corporate Derivatives is a plusVery good understanding of options pricing/greeks required, exotics a plus. Proficiency in Microsoft Office, Bloomberg Terminal. Murex/Python is a plus


The salary range for this role is $130,000 – $200,000

About Us

Jefferies Financial Group Inc. (‘‘Jefferies,’’ ‘‘we,’’ ‘‘us’’ or ‘‘our’’) is a U.S.-headquartered global full service, integrated investment banking and securities firm. Our largest subsidiary, Jefferies LLC, a U.S. broker-dealer, was founded in the U.S. in 1962 and our first international operating subsidiary, Jefferies International Limited, a U.K. broker-dealer, was established in the U.K. in 1986. Our strategy focuses on continuing to build out our investment banking effort, enhancing our capital markets businesses and further developing our Leucadia Asset Management alternative asset management platform. We offer deep sector expertise across a full range of products and services in investment banking, equities, fixed income, asset and wealth management in the Americas, Europe and the Middle East and Asia.

At Jefferies, we believe that diversity fosters creativity, innovation and thought leadership through the infusion of new ideas and perspectives. We have made a commitment to building a culture that provides opportunities for all employees regardless of our differences and supports a workforce that is reflective of the communities where we work and live. As a result, we are able to pool our collective insights and intelligence to provide fresh and innovative thinking for our clients.

Jefferies is committed to creating and sustaining a diverse workforce and encourages applicants from all backgrounds to apply. This includes applicants from historically underrepresented groups, including women, racial and ethnic minorities, members of the LGBTQ+ community, military veterans, and individuals with disabilities or who are neurodiverse.

Jefferies is an equal employment opportunity employer, and takes affirmative action to ensure that all qualified applicants will receive consideration for employment without regard to race, creed, color, national origin, ancestry, religion, gender, pregnancy, age, physical or mental disability, marital status, sexual orientation, gender identity or expression, veteran or military status, genetic information, reproductive health decisions, or any other factor protected by applicable law. We are committed to hiring the most qualified applicants and complying with all federal, state, and local equal employment opportunity laws. As part of this commitment, Jefferies will extend reasonable accommodations to individuals with disabilities, as required by applicable law.

All e mployees must follow Jefferies’ COVID-19 protocol policy , which is subject to chan ge. ",200000
"Minimum Qualifications

Registration as a Credentialed Alcoholism and Substance Abuse Counselor (CASAC), CASAC Level 2, CASAC-Advanced Counselor, or CASAC Master Counselor in New York State.

Duties Description

As an Addictions Counselor 1, you would provide individual counseling and case management services to patients in a treatment facility. You would also conduct individual and group therapy; prepare and carry out treatment plans; participate in case reviews; assess patients' psychosocial condition; determine the effects of alcohol and other drug use; present educational materials to community groups, patients, and other staff; and provide leadership, training, and direction to staff engaged in the day-to-day care and supervision of patients.

NOTE:

Notes:

 In order to be eligible for appointment and to maintain employment, you cannot be listed as an excluded individual or entity on any of the Federal and/or State Medicaid and Medicare exclusion lists (or excluded from any other Federal or Federally assisted program.) If you are appointed and subsequently listed as an excluded individual or entity on any of these lists (or excluded from any other Federal or Federally assisted program), you may be terminated from your employment. 

Additional Comments

All OMH employees receive a generous benefits package including:

 NYS medical, dental, & vision insurance Access to tuition assistance programs Excellent opportunities for advancement & professional growth Paid time off – 13 paid vacation days in the first year, 5 paid personal days, 13 paid holidays, & paid sick leave NYS Retirement programs

Background checks will be required.

Additional Comments:

This position is eligible for a down state adjustment of $3,400.",74135
"At Wells Fargo, we are looking for talented people who will put our customers at the center of everything we do. We are seeking candidates who embrace diversity, equity and inclusion in a workplace where everyone feels valued and inspired.

Help us build a better Wells Fargo. It all begins with outstanding talent. It all begins with you.

About This Role

Wells Fargo is seeking a Senior Wealth Management Banker... Working at Wells Fargo | Jobs and Careers at Wells Fargo (wellsfargojobs.com)

In This Role, You Will

Participate in developing new and managing existing High Net Worth Client relationshipsWork as part of a Wealth team that utilizes an integrated planning approach to recommend strategies that utilize Wells Fargo's individual and institutional capabilities to maintain client wealth within Wealth Management Banking and contribute to large scale planning related to functional area deliverablesReview and analyze custom credit and deposit strategies and solutions to clients to manage custom credit portfolios that require an in depth evaluation of variable factorsResolve banking solutions and deliver, construct and implement custom credit and deposit strategies and solutions to clientsLead team to meet functional area deliverables while leveraging solid understanding of the function, policies, procedures and compliance requirementsCollaborate and consult with peers, colleagues and managers to resolve issues and achieve goalsInteract with internal and external customersThis SAFE position has customer contact and job duties which may include the offering/negotiating of terms and/or taking an application for a dwelling secured transaction. As such, this position requires compliance with the S.A.F.E. Mortgage Licensing Act of 2008 and all related regulations. Ongoing employment is contingent upon meeting all such requirements, including acceptable background investigation results. Individuals in a SAFE position also must meet the Loan Originator requirements under Regulation Z (LO) outlined in the job expectations below

Required Qualifications:

4+ years of Wealth Management Banking experience, or equivalent demonstrated through one or a combination of the following: work experience, training, military experience, education

Desired Qualifications:

Successfully completed FINRA Series 7 and 66 exams to qualify for immediate registrationExperience working with UHNW clientsExcellent sales and relationship management skillsStrong knowledge of credit and cash management servicesExcellent sales advisory and discovery skillsKnowledge of wealth management products and referral partnerships

Job Expectations:

This position requires SAFE registration at the time of employment. Wells Fargo will initiate the SAFE registration process immediately after your employment start date. The Nationwide Mortgage Licensing System (NMLS) website (http://fedregistry.nationwidelicensingsystem.org) provides the MU4R questions and registration required for employment in this position. Individuals in Loan Originator (LO) positions must meet the Consumer Financial Protection Bureau qualification requirements and comply with related Wells Fargo policies. The LO qualification requirements include meeting applicable financial responsibility, character, general financial fitness and criminal background standards. A current credit report will be used to assess your financial responsibility and credit fitness, however, a credit score is not included as part of the evaluation. Successful candidates must also meet ongoing regulatory requirements including additional screening, if necessary

Pay Range

$100,800.00 - $179,200.00

Benefits

Wells Fargo provides all eligible full- and part-time employees with a comprehensive set of benefits designed to protect their physical and financial health and to help them make the most of their financial future. Visit Benefits - Wells Fargo Careers for an overview of the following benefit plans and programs offered to employees.

401(k) PlanPaid Time OffParental LeaveCritical Caregiving LeaveDiscounts and SavingsHealth BenefitsCommuter BenefitsTuition ReimbursementScholarships for dependent childrenAdoption Reimbursement

Posting End Date:

25 Apr 2024

 Job posting may come down early due to volume of applicants. 

We Value Diversity

At Wells Fargo, we believe in diversity, equity and inclusion in the workplace; accordingly, we welcome applications for employment from all qualified candidates, regardless of race, color, gender, national origin, religion, age, sexual orientation, gender identity, gender expression, genetic information, individuals with disabilities, pregnancy, marital status, status as a protected veteran or any other status protected by applicable law.

Employees support our focus on building strong customer relationships balanced with a strong risk mitigating and compliance-driven culture which firmly establishes those disciplines as critical to the success of our customers and company. They are accountable for execution of all applicable risk programs (Credit, Market, Financial Crimes, Operational, Regulatory Compliance), which includes effectively following and adhering to applicable Wells Fargo policies and procedures, appropriately fulfilling risk and compliance obligations, timely and effective escalation and remediation of issues, and making sound risk decisions. There is emphasis on proactive monitoring, governance, risk identification and escalation, as well as making sound risk decisions commensurate with the business unit's risk appetite and all risk and compliance program requirements.

Candidates applying to job openings posted in US: All qualified applicants will receive consideration for employment without regard to race, color, religion, sex, sexual orientation, gender identity, national origin, disability, status as a protected veteran, or any other legally protected characteristic.

Applicants With Disabilities

To request a medical accommodation during the application or interview process, visit Disability Inclusion at Wells Fargo .

Drug and Alcohol Policy

Wells Fargo maintains a drug free workplace. Please see our Drug and Alcohol Policy to learn more.

Reference Number

R-359182",179200
"Mission Statement

Consolidated Edison Company of New York, Inc. (Con Edison), Orange & Rockland Utilities (O&R), and Consolidated Edison Transmission (CET) employees are required to follow health, safety, and environmental policies, EEO, Standards of Business Conduct, and all other applicable company policy and procedures. We all share a responsibility to advance the company’s mission by excelling at our three corporate priorities - safety of our people and the public, operational excellence in all that we do, and ensuring the best possible customer experience.

Core Responsibilities

This is a senior leadership position in the Law Department and General Litigation that requires a high degree of proactive leadership and problem solving. The attorney is expected to assist and be jointly responsible for the running of the General Litigation group.You will lead and manage a team of attorneys that works together to achieve superior results by: (a) setting high standards for performance; (b) encouraging behaviors that are aligned with the Department as a whole and creatively embracing new ways of doing things; (c) maintaining a culture of accountability by providing honest, constructive, and timely feedback consistent with our commitment to performance management.You will ensure quality assurance of attorney case preparation by measuring overall productivity and quality of performance through quarterly case reviews, the use of reports in Law Manager and overall compliance with the Litigation Guide.You will handle an appropriately sized caseload of complex or high-exposure matters.You will work with the insurance team to ensure insurance company is timely notified of all matters which require.You will assist the Associate General Counsel in executing the Strategic Plan.You will conduct monthly (or more frequent if needed) Note of Issue reviews with team to determine whether motions for summary judgment should be made, review of liability posture, whether reserves are needed, whether expert reports have been served and whether there remains any discovery which should be pursued or provided prior to moving forward with litigation.You will ensure motions are filed timely in cases pending with team.You will review requests for authority and makes recommendations to the Associate General Counsel.You will ensure awareness of teams ''top 10'' cases and can apprise Associate General Counsel of status of same. Assist in keeping running top 10 list updated as well as quarterly reports on high exposure cases.You will help to ensure the correct expert and witnesses are identified for use in a case.You will assist team attorneys with trial preparation, serving as second seat attorney if needed.You will supervise and assist in the development of less experienced attorneys to maximize performance.You will understand case load of team and help in maintaining ''right work, right person'' with case distribution (case count, type of case, difficulty level, etc).You will help to identify leadership roles, opportunities and/or training needs for team members and make recommendations to the Associate General Counsel re: sameYou will present/lead topic discussions at Monthly team meetings and/or at Legal Services quarterly meetings.You will take at least one annual leadership training course/attend leadership session designed to improve management skills, innovating thinking, accountability or drive for results.You will organize one presentation/CLE to the General Litigation team.You will identify opportunities and implement process improvements that contribute to efficient and cost-effective workflow throughout General Litigation.You will serve as back up for the daily litigation calendar.You will serve as a trusted and reliable member of the leadership team in General Litigation and the overall Law Department and upholding the highest standards of business ethics and integrity.You will work on various projects, in conjunction with the Associate General Counsel, as needed.

Required Education/Experience

Juris Doctorate from accredited Law School and minimum of 8 years experience as a practicing trial attorney, with New York tort litigation experience.

Relevant Work Experience

 Minimum of 8 years experience as a practicing trial attorney, with New York tort litigation experience. Required and Experience managing team of attorneys, including providing routine feedback, change management, holding team members accountable and identifying areas for improvement. Required Highly organized and attentive to detail Required Demonstrated experience improving processes related to litigation. Required Must excel at written and oral communication skills, negotiation skills, presentation skills, interpersonal skills, and must maintain a focus on customer service. Required Must have excellent case analysis and strategy abilities. Required Self-starter who takes initiative and thinks creatively and flexibly. Required Comfortable with setting reserves on litigation and assessing case valuation. Preferred Experience with metrics and litigation related statistics/reporting. Preferred Leadership or participation in local tort bar activities a plus. Preferred Highly skilled in the use of Law Manager, and the ability and willingness to champion other technology platforms to enhance efficiency. Preferred Experience leading cross-functional teams desired. Preferred

Licenses & Certifications

Driver's License RequiredOther: License to practice law in New York Required

Physical Demands

 Sit or stand to answer a phone for the duration of the workday Sit or stand to use a keyboard, mouse, and computer for the duration of the workday

Other Physical Demands

Must be able to respond to Company emergencies by performing a System Emergency Assignment to restore service to our customers.Must be able and willing to travel within Company service territory and beyond, as needed.

Technical Difficulty Statement

For technical issues, please contact us at careerconnect@coned.com

Equal Opportunity Employer

Consolidated Edison Company of New York, Inc. (Con Edison), Orange & Rockland Utilities (O&R), and Consolidated Edison Transmission (CET) are equal opportunity employers. All qualified applicants will receive consideration for employment and will not be discriminated against on the basis of the individual’s actual or perceived disability, protected veteran status, race, color, creed, religion, sex, age, national origin, gender, gender identity, gender expression, genetic information, marital status, sexual orientation, citizenship, domestic violence victim status, or any other actual or perceived status protected by law.",290000
"WHO WE AREThe first of its kind boutique fitness experience, SoulCycle revolutionized the fitness industry. Our signature 45-minute indoor cycling class is an immersive and intense mind-body-soul workout, where legendary instructors guide riders through class – helping them lose themselves in the ride, the music, the experience. Taking place in dark, candlelit studios, allowing riders to be grounded in the moment, SoulCycle rides connect our community through the experience and energy of the room.
OUR MISSIONTo foster an open, diverse, & inclusive community – while embracing each unique individual exactly as they are. We empower each other by listening with an open mind, finding ways to learn and grow together, and always nurturing a sanctuary of trust. 
JOB DESCRIPTIONThe People & Culture Business Partner will be responsible for providing support, leadership, and oversight of People Services activities for assigned EQX clubs within the NYC market. This role reports directly to the People & Culture Regional Director and will have a heavy presence within the local NYC clubs while also working from a home office.
The People & Culture Business Partner is a strategic business partner who helps the region achieve its goals by being an advocate, change leader, and champion for inspiring achievement in our employee teams.
RESPONSIBILITIES:Shape the employee experience to mitigate risk, solve conflict, and contribute to improving relationships across the Equinox club team (30-50%)Scale club leadership: action planning and talent assessments (15-20%)Execute corporate programs and other initiatives developed by the central People & Culture team (15 – 20%)Coach club management: day-to-day development of people manager skills and competencies (10 – 15%)Gauge the club atmosphere, escalating key themes and necessary incidents through meaningful and established feedback loops (10%)Synthesize and escalate key themes from across club team to Employee Relations Team Lead.Generate HR data reports as necessary
QUALIFICATIONS 3+ years of Human Resources experience with an emphasis in employee relations/generalist HR. Experience supporting a large, multi-site field population preferred.Bachelor’s degree in human resources, Business, or related discipline.Strong interpersonal communication, persuasion, and creative problem-solving skills.Established assessment and decision-making skills with proven ability to build relationships and influence at all levels of the organization.Proven experience in dealing with complex employee relations issues (EEO, FLSA, etc.) Ability to solve conflicts in a positive and fair manner. Excellent time management, organizational and follow-up skills. Ability to set priorities and organize time. Demonstrates initiative and can work independently. Enthusiastic, energetic, and personable. Has ability to work effectively in a fast-paced environment with high standards. Willingness to travel to field locations within assigned region.Ability to travel to within the NYC market on an as needed basis.
Pay Transparency: $95k - $110k annually",110000
"CLIEN011499_1

Who We Are

Wealthspire Advisors is a New York City-based, independent registered investment Advisory firm with $20B in AUM. We have more than 300 employees serving clients from 22 offices in 12 states. With a strong commitment to a fiduciary business model, the firm believes in connecting all aspects of a client's financial life to deliver thoughtful, collaborative strategies that focus on what is most important to each client. Wealthspire Advisors acts as a wealth manager, investment Advisor, consultant, and constant partner in helping clients achieve their aspirations. For more information on Wealthspire Advisors, please visit www.wealthspire.com.

Job Responsibilities

Develop and maintain strong relationships with clients, advisors and other team members across the firmInteract directly with clients regarding different types of requests, such as money movement requests, account balances, re-ordering of checks, charitable giving confirmations, etcManage distribution/receipt of clients’ paperworkAnswer phone calls, resolve issues, and/or take messages as neededUtilize CRM application to perform various functions, such as submitting/assigning tasks, running dialogues (onboarding/offboarding of clients, new contract, and RMD requests), creating new contact entries, updating existing contact information, utilizing the dashboard feature to track tasks, running reports, etcCollaboratively work with other Wealthspire teams, coordinating items such as preparation and submission of client paperworkPrepare client letters/emails as neededAssist advisors with scheduling client meetings and calendar managementConfirm appointments directly with clients, via email and/or phonePerform other duties as and when needed


Qualifications

College degree (preferred). New grads considered with a business and/or finance-related degree and internship/work experienceMinimum two years of directly related industry experience (preferred); experience in financial planning and/or the securities industry (helpful)Numerical accuracy and attention to detail (required)Ability to prioritize tasks and work in a team environment. Desire to learn, be resourceful, and think outside the box. Professional appearance and mannerProficiency in Microsoft Office is required; experience with any CRM, portfolio management, and document management software is a plusContinuously exhibits personal integrity and professional initiative and a personable attitude


Diversity, Equity, Inclusion, and Belonging at Wealthspire

Wealthspire is committed to fostering an inclusive work environment that values diversity as a fundamental asset. Research substantiates that diverse teams are not only more innovative but also make more informed decisions, leading to increased employee engagement and client satisfaction.

Equal Opportunity:We are an equal opportunity employer. All employment decisions are based on qualifications, merit, and business needs. We do not discriminate on the basis of race, religion, color, gender, age, national origin, sexual orientation, marital status, veteran status, or disability statusCulture Add Over Culture Fit:Rather than seeking candidates who merely fit into our existing culture, we prioritize those who will add new dimensions to it. We welcome individuals who bring unique perspectives, experiences, and skills that enrich our team and client interactionsInclusive Excellence:We believe that true excellence can only be achieved in an environment where every employee feels empowered and included. Our commitment to diversity extends beyond hiring practices to every facet of our business


Do you see yourself excelling in this position?

Don't hesitate to apply, even if you don't meet every qualification on the list. We recognize that career journeys are as unique as individuals themselves, and valuable skills can come in various forms. We're eager to learn about your unique talents and experiences.

What We Offer

NFP and Wealthspire Advisors is proud to offer a competitive salary, PTO & paid holidays, 401(k) with match, exclusive discount programs, health & wellness programs, and more. Our PeopleFirst culture focuses on building and nurturing lifelong relationships with our employees because, at the end of the day, we exist to be there for others. The base salary range for this position is $50,000 – $95,000. The base salary offered will be determined by factors including, but not limited to, experience, credentials, education, certifications, skill level required for the position, the scope of the position, and geographic location. Actual base salary offered will be determined on a case-by-case basis. In addition to the base salary, this position may be eligible for performance-based incentives.

NFP and You... Better Together!

NFP and Wealthspire Advisors is an inclusive Equal Employment Opportunity employer.",95000
"Alumni Relations Manager - Law Firm Beacon Hill Legal is searching for an Alumni Relations Manager for a major law firm's midtown Manhattan office. This is a hybrid role with 3 days in office. This person should have extensive experience in building out alumni relations programs in a professional services organization with a strong preference for law firms. This person will be a key player in the organization's business development strategy and must have the ability to build out a total program.  Must have at least 7 years of experience in professional services alumni relations or similar. The salary for this role will range from $160,000-$200,000. If interested and have the experience, please submit your resume! (Applications without a resume will not be considered) 
Beacon Hill is an Equal Opportunity Employer that values the strength diversity brings to the workplace. Individuals with Disabilities and Protected Veterans are encouraged to apply.
If you would like to complete our voluntary self-identification form, please click here or copy and paste the following link into an open window in your browser: https://jobs.beaconhillstaffing.com/eeoc/
Completion of this form is voluntary and will not affect your opportunity for employment, or the terms or conditions of your employment. This form will be used for reporting purposes only and will be kept separate from all other records.
Company Profile:
Founded by industry leaders to set a new standard in search, career placement and flexible staffing, we deliver coordinated staffing solutions with unparalleled service, a commitment to project completion and success and a passion for innovation, creativity and continuous improvement.
Our niche brands offer a complete suite of staffing services to emerging growth companies and the Fortune 500 across market sectors, career specialties/disciplines and industries. Over time, office locations, specialty practice areas and service offerings will be added to address ever changing constituent needs.
Learn more about Beacon Hill Staffing Group and our specialty divisions, Beacon Hill Associates, Beacon Hill Financial, Beacon Hill HR, Beacon Hill Legal, Beacon Hill Life Sciences and Beacon Hill Technologies by visiting www.beaconhillstaffing.com.
We look forward to working with you.

Beacon Hill. Employing the Future (TM)",195000
"The Business Control Unit Manager will be a member of the Home Loans Control and Governance Team responsible for leading and building out an enhanced control framework which supports a continuous and integrated approach to risk assessment, risk control, monitoring and mitigation. In addition, candidate will oversee top-down risk analysis, real time control issue detection, escalation, root cause analysis and remediation. This critical leader will have a dual reporting line under the supervision of the Executive Directors for Control & Governance and the Lending Business Control Unit.

The candidate will be the Manager of the Home Loans Business Control Unit and will lead a team who is the central point of contact with our Control partners including Compliance, Audit, Legal, Operational Risk, Financial Control Group, Technology, Wealth Management Operations as well as, Home Loans management for Control and Risk Management functions. The business scope of these activities covers the Home Loans originations process from client leads through application, processing, underwriting, closing/funding, and servicing.

Locations: This can be a Remote Based opportunity in the US or Hybrid based in New York City (3 days in office / 2 days from home).

Primary Responsibilities

 Manage risk initiatives within Home Loans – Business Continuity Planning, Business Unit testing, Compliance Testing, Servicing Quality Control Oversight, HMDA reporting. Manage Business Continuity Planning activities required from the firm for Home Loans organization Review 2nd Line Compliance testing and monitoring results Perform root cause analysis and identify trends Work with business to implement tactical and strategic solutions and controls Monitor the execution of remediation, where applicable Work with Risk partners such as Legal, Compliance, Central Business Risk, and 3rd Line Risk Groups to resolve issues and obtain guidance as necessary Manage emerging/ad-hoc Home Loan projects to remediate any process or control gaps identified Prepare risk management and assessment updates to Senior Management for all assignments Ensure Compliance and Operations Risk approves process changes to confirm regulatory compliance Ensure firm policies and procedures are monitored to confirm working as designed and expected Participate in Technology/Project Initiatives as required to assist business in developing appropriate internal controls or to monitor significant changes in control systems Lead/Coordinate in flight exams, tests, data requests for Regulators, Internal Audit & Compliance Testing; Coordinate/delivery of pre-audit work, delivery of sample testing documentation and remediation of process gaps or findings Lead and partner with Business Units to appropriately address all risks identified accurately, and fully document through Issue and Action Plans to remediation Manage and execution of RCSA program to ensure on-going control improvements and strengthen existing control environment Review and analyze program related data (e.g., KRI) to support business-related programs and strategies Prepare and provide status updates to the Control & Governance Manager and the Business Control and Assessment Lead for all assignments Manage the publication and communication process for risk issues, assessments, and initiatives Support Home Loans employees with questions regarding risk and controls to prevent errors Support the Business Unit with New Product Approval (NPA) initiatives Execution for the annual Law, Rules, and Regulations program 5+ years of Management experience 5+ years of Risk Management experience 5+ years of Mortgage Industry experience Strong and up to date knowledge and understanding of risk and control assessments, internal control testing and issue management Experience in risk assessments and exams – Regulator, Internal Audit, Operational Risk and Compliance Strong project management and process skills; ability to prioritize and execute on multiple, simultaneous, complex priorities Experience working with cross-functional teams Strong computer skills necessary; familiar with how to navigate SharePoint and a Microsoft Windows environment and have a strong knowledge of Microsoft Office software Proficient in excel with VLOOKUP’s, charts, graphs, and data analytics Excellent verbal and written communication skills including advising senior management of risks, challenges, and potential solutions Working knowledge of Loan Origination Systems (LOS) Bachelor’s degree or equivalent experience required

Skills Required

 Ability to build and maintain strong relationships with business users and risk partners Ability to create clear and concise communications using strong analytic and writing skills Ability to create executive summaries and issue/risk summaries Ability to create PowerPoint presentations for business users or senior management that summarizes risk issues and assessment results Strong presentation skills for a senior audience Confident, initiative-taking, and independent initiative-taker Proven history to work across organizational boundaries Adept at working in a fast-paced, high-energy environment Strong analytical capabilities and problem solving Strong organizational skills Solid follow-up and follow through Excellent attention to detail

For New York, expected base pay rates for the role will be between $120,000 and $180,000 per year at the commencement of employment. However, base pay if hired will be determined on an individualized basis and is only part of the total compensation package, which, depending on the position, may also include commission earnings, incentive compensation, discretionary bonuses, other short and long-term incentive packages, and other Morgan Stanley sponsored benefit programs.

Morgan Stanley's goal is to build and maintain a workforce that is diverse in experience and background but uniform in reflecting our standards of integrity and excellence. Consequently, our recruiting efforts reflect our desire to attract and retain the best and brightest from all talent pools. We want to be the first choice for prospective employees.

It is the policy of the Firm to ensure equal employment opportunity without discrimination or harassment on the basis of race, color, religion, creed, age, sex, sex stereotype, gender, gender identity or expression, transgender, sexual orientation, national origin, citizenship, disability, marital and civil partnership/union status, pregnancy, veteran or military service status, genetic information, or any other characteristic protected by law.

Morgan Stanley is an equal opportunity employer committed to diversifying its workforce (M/F/Disability/Vet).

Posting Date

Apr 19, 2024

Primary Location

Americas-United States of America-New York-New York

Other Locations

Americas-United States of America-Texas-Houston, Americas-United States of America-Illinois-Chicago, Americas-United States of America-Arizona-Scottsdale

Education Level

Refer to Position Description

Job

Wealth Management

Employment Type

Full Time

Job Level

Vice President",180000
"Job Description:

At Bank of America, we are guided by a common purpose to help make financial lives better through the power of every connection. Responsible Growth is how we run our company and how we deliver for our clients, teammates, communities and shareholders every day.

One of the keys to driving Responsible Growth is being a great place to work for our teammates around the world. We’re devoted to being a diverse and inclusive workplace for everyone. We hire individuals with a broad range of backgrounds and experiences and invest heavily in our teammates and their families by offering competitive benefits to support their physical, emotional, and financial well-being.

Bank of America believes both in the importance of working together and offering flexibility to our employees. We use a multi-faceted approach for flexibility, depending on the various roles in our organization.

Working at Bank of America will give you a great career with opportunities to learn, grow and make an impact, along with the power to make a difference. Join us!

Job Description:

This job is responsible for providing input into the development of Human Resources (HR) strategies that impact large, complex business units within a major Line of Business (LOB). Key responsibilities include developing and executing tactical plans at the business unit level to achieve strategic objectives and organizational effectiveness. Job expectations may include driving a wide range of HR activities and supporting functions across the bank such as talent acquisition, compensation, employee relations, regulatory compliance, performance management, and employee engagement and development.

The HR Consultant will support Global Corporate Investment Bank as well as horizontal activities. The individual in this role will partner with the HR Generalists to support, lead and serve as a resource on key initiatives. The HR Consultant must be a demonstrated self-starter with an excellent track record of success in his/her current environment. The HR Consultant must also be a strong, decisive, results-oriented professional who can develop and manage relationships across the business with a wide variety of partners based on trust, teamwork and knowledge.

This role must be fill in New York City.

Responsibilities:

Supports the strategic delivery of Enterprise and line of business specific Human Resources (HR) priorities in addition to ensuring organizational effectiveness across talent acquisition, performance management, talent development and learning, succession planning, compensation, etc.Applies lenses of operational excellence, organizational health, and diversity and inclusion across all HR people processesPartners with business leaders to ensure that programs and practices are in alignment with Enterprise culture and conduct principles, serving as a trusted advisor to leadershipSupports critical workforce activities, including but not limited to headcount reporting and analytics, financials/expenses, promotions, diversity and inclusion, performance, talent management, and key cross-HR initiativesCollaborates with compensation, talent acquisition, and business partners in partnership with HR Managers to provide appropriate guidance on employee compensation, both at an individual level as well as in aggregate, while maintaining a focus on expense managementLeverages systems and reporting tools (i.e., Workday and Tableau) to inform effective and strategic decision making for HR Managers

Required Qualifications:

To be minimally qualified for this role, a candidate must have:

2-7+ years of HR experience in a variety of HR disciplines preferredStrong attention to detail and quality controlIntellectual curiosity; always questioning how to take work to the next levelAble to anticipate the needs of HR generalistsProject management experienceStrong analytical skills – experience gathering, organizing, analyzing and presenting large amounts of dataComplex problem resolution skillsOutstanding communication (verbal & written) and presentation skills assimilating data into a results-based storyExcellent interpersonal skills and integrityA strong team-player work ethic with the ability to engage with all levels of the organizationAbility to handle confidential and proprietary information with discretion and balance risk and reward with a strong focus on complianceProficient in Microsoft Office suite of products, with emphasis on strong Excel (familiar with lookup's, pivots, conditional formulas) and PowerPoint skills

Desired Qualifications:

Proficiency with HR systems i.e. Workday, Tableau

Skills:

AdaptabilityAttention to DetailData VisualizationPrioritizationReportingCollaborationData Collection and EntryData and Trend AnalysisPolicies, Procedures, and Guidelines ManagementRelationship BuildingAnalytical ThinkingContinuous ImprovementData MiningExecutive PresenceWritten Communications

Shift:

1st shift (United States of America)

Hours Per Week: 

40",105600
"SMBC Group is a top-tier global financial group. Headquartered in Tokyo and with a 400-year history, SMBC Group offers a diverse range of financial services, including banking, leasing, securities, credit cards, and consumer finance. The Group has more than 130 offices and 80,000 employees worldwide in nearly 40 countries. Sumitomo Mitsui Financial Group, Inc. (SMFG) is the holding company of SMBC Group, which is one of the three largest banking groups in Japan. SMFG’s shares trade on the Tokyo, Nagoya, and New York (NYSE: SMFG) stock exchanges.

In the Americas, SMBC Group has a presence in the US, Canada, Mexico, Brazil, Chile, Colombia, and Peru. Backed by the capital strength of SMBC Group and the value of its relationships in Asia, the Group offers a range of commercial and investment banking services to its corporate, institutional, and municipal clients. It connects a diverse client base to local markets and the organization’s extensive global network. The Group’s operating companies in the Americas include Sumitomo Mitsui Banking Corp. (SMBC), SMBC Nikko Securities America, Inc., SMBC Capital Markets, Inc., SMBC Rail Services LLC, Manufacturers Bank, JRI America, Inc., SMBC Leasing and Finance, Inc., Banco Sumitomo Mitsui Brasileiro S.A., and Sumitomo Mitsui Finance and Leasing Co., Ltd.

The anticipated salary range for this role is between $123,000.00 and $175,000.00. The specific salary offered to an applicant will be based on their individual qualifications, experiences, and an analysis of the current compensation paid in their geography and the market for similar roles at the time of hire. The role may also be eligible for an annual discretionary incentive award. In addition to cash compensation, SMBC offers a competitive portfolio of benefits to its employees.

Role Description

Overview

To support SMBC Americas' business growth strategy, SMBC Finance is executing a major initiative to review and enhance critical Finance processes within its US operations, including financial planning, reporting, and data management. Working with core Finance teams and other key colleagues (Technology, Risk, Compliance, etc.), Finance Change is primarily responsible for establishing and managing large-scale programs focused on implementation of processes, methodologies, and systems that meet regulatory requirements and industry best practices. The Vice President will be responsible for driving defined projects/workstreams as the primary responsible contact and working closely with stakeholders across SMBC Americas.

Role Objectives: Delivery

Responsibilities

 Execute project management responsibilities as the primary contact for key Finance initiatives, providing execution support, process monitoring, and stakeholder communication while driving rigor throughout the process. Provide oversight and track progress of managed projects using defined project management artifacts, such as project plans, project charters, business cases, and status reports. Focus on improving governance, efficiency and control through process optimization, and proactively identifying and remediating areas of regulatory deficiencies. Design solutions to address project issues and identify areas for optimization across the supported teams. Identify opportunities for automation, increased transparency, and enhancement of business processes. Prepare executive-ready presentations and updates, including concise and clear visual artifacts to support management understanding. Lead and manage working groups responsible for executing on targeted remediation and enhancement activities within Finance.

Qualifications

Qualifications and Skills

 Minimum of 5-7 years experience in change/project management, financial services or related experience Strong capability to manage complex projects independently, coordinating across multiple stakeholder groups. Significant knowledge of change/program management, financial operations and planning, risk and controls management, IT processes, and data management. Excellent interpersonal skills; ability to successfully influence and build effective partnerships with all levels of team members and colleagues Ability to work independently in ambiguous environments that are not clearly defined. Ability to be flexible and follow tight deadlines. Proactive self-starter with ability to prioritize efforts across multiple projects and manage competing deadlines. Excellent verbal and written communication and presentation skills commensurate with production and presentation of management-ready materials. Proficiency in Word, PowerPoint, and Excel applications.

Additional Requirements

D&I Commitment

Responsible for fostering a culture of diversity and inclusion, holding leaders accountable for creating an inclusive environment through awareness and practice of equity in recruiting, developing, and promoting diverse talent.

SMBC’s employees participate in a hybrid workforce model that provides employees with an opportunity to work from home, as well as, from an SMBC office. SMBC requires that employees live within a reasonable commuting distance of their office location. Prospective candidates will learn more about their specific hybrid work schedule during their interview process.

We are an equal employment opportunity employer. All qualified applicants will receive consideration for employment without regard to race, color, religion, gender, national origin, disability status, protected veteran status or any other characteristic protected by law. SMBC provides reasonable accommodations for employees and applicants with disabilities consistent with applicable law. If you need a reasonable accommodation during the application process, please let us know at accommodations@smbcgroup.com.",175000
"Job Title: Executive Assistant - Capital Markets/Investor Relations Team
Location: New York, New York -Midtown About Us: We are a dynamic and fast-paced REIT, operating in the realm of Capital Markets and Investor Relations. Our team thrives on innovation, collaboration, and delivering exceptional results in the financial landscape. We're seeking an experienced Executive Assistant to join our team and provide critical support to our Capital Markets/IR Team.
Qualifications/Details: 3+ years of experienceAsset Management experience (MUST)CRM Experience (Backstop) - (PREFERRED)Prior experience dealing with Investor Requests (PREFERRED)5x in office - MidtownHours: 9AM-6PM
Responsibilities:Administrative Support: Provide high-level administrative support to the Capital Markets/IR Team, including managing schedules, arranging meetings, coordinating travel, and handling correspondence.Information Management: Organize and maintain sensitive information, including financial data, investor communications, and market research, ensuring confidentiality and accuracy at all times.Meeting Preparation: Assist in the preparation of materials for investor meetings, including presentations, reports, and briefing documents.Communication Liaison: Act as a primary point of contact between the Capital Markets/IR Team and internal/external stakeholders, ensuring smooth communication and timely responses.Project Coordination: Support the team in various projects related to capital raising, investor relations initiatives, and financial analysis.Event Management: Assist in organizing investor events, roadshows, and conferences, coordinating logistics and ensuring all arrangements are in place for successful events.Requirements:Experience: Minimum of 3 years of experience as an Executive Assistant, preferably supporting a Capital Markets/Investor Relations team.Education: Bachelor's degree in Business Administration, Finance, Economics, or related field.In-Office Experience: Must have at least 5 years of in-office work experience, demonstrating reliability and adaptability in a professional environment.Financial Acumen: Prior experience or strong understanding of Capital Markets and Investor Relations is highly preferred.Organization Skills: Exceptional organizational skills with the ability to prioritize tasks and manage multiple deadlines effectively.Communication Skills: Excellent written and verbal communication skills, with a keen attention to detail.Technology Proficiency: Proficient in MS Office suite (Word, Excel, PowerPoint) and other relevant software applications.Team Player: Ability to work collaboratively in a fast-paced environment, fostering a positive and supportive team culture.Confidentiality: Demonstrated ability to handle sensitive information with discretion and maintain confidentiality.Benefits:95k-110k base + bonusHealth, dental, and vision insuranceRetirement savings planPaid time off and holidaysProfessional development opportunities\Summer FridaysYoga Rooms in office",110000
"About Us We are creators and champions of brilliant British telly, and home to the world’s best and largest ever collection. It’s our mission to bring the best and most relevant British TV experience to fans all around the world. We are expanding fast in the media industry's liveliest sector of streaming and are currently live in North America, Australia, South Africa and the Nordics with more to come...
We’re the lovechild of BBC & ITV – so we have inherited their best traits, however as the cheeky upstart of the family we set out to be different and stand out from the crowd. We always put fans first, (because we are huge ones ourselves!) so we are relentlessly creative as well as commercially savvy and never say no to a challenge, or an adventure.
Ideas are our lifeblood, so we are welcoming and open to all of them - new shows, ways of working, new audiences, modern technology, and new ways to shout out to the world about British TV & what we do. This is where you come in…. we are on the lookout for talented individuals to join our Brit Boxer family and help us to lead and navigate the adventures ahead.
Job Purpose Reporting to the Paid Social Manager, this person will support the planning, trafficking, optimization, and reporting of paid social advertising for BritBox campaigns in the US, Canada, Norway, Sweden, Finland, Denmark and South Africa.
The ideal candidate will be data-driven, diligent, and passionate about using paid social advertising platforms to drive results. They are able to manage multiple projects simultaneously, often with competing deadlines, and to deal with a large volume of work while maintaining a high bar for quality of output. They will have direct experience working campaigns across multiple paid social platforms, and an eagerness to learn and grow as part of a small but high-performing team. They will thrive when working in a fast-paced, KPI-driven environment.
Skills and Personal Attributes ● Diligent worker, able to manage a high volume of work with a positive, can-do attitude while maintaining a high bar for quality of output.● Extremely comfortable with data● Able to manage multiple projects simultaneously, and prioritize competing deadlines● Self-starter who thrives in a fast-paced, dynamic start-up environment, with an excitement to learn and grow as part of a small team of media buying experts.● Interest in the evolving digital advertising landscape.● Fans of British TV are a plus!
Qualifications and Experience ● 1-2 years experience working in paid social, ideally at an agency or for an in-house team.● Familiarity with Meta (formerly Facebook) Ads Manager required. Experience with Twitter, Reddit or TikTok Ads, or with Google Ads or Google Campaign Manager, a plus.● Comfort using spreadsheets to manipulate data and presentation tools to visualize data.● Experience in the entertainment industry or with subscription-based clients gets extra bonus points.● Excellent academic background, with a quantitative background preferred.
Responsibilities ● Coordination of briefing and asset delivery with Creative Team● Trafficking of paid social creatives for new campaign launches across multiple platforms, territories and campaign objectives● Monitoring performance and performing creative and budget optimizations to maximize sign ups● Implementing a test-and-learn strategy to iteratively improve paid social creatives and audience targeting tactics● Supporting development of paid social strategy, including expansion to new social platforms● Working with broader Paid Media Team to support additional media channels such as Paid Search, Affiliates, Influencers, and Podcasts.● Processing invoices for social vendors
We work flexibly at BritBox, to support new markets some work may be conducted outside of US business hours to coordinate with territories in other time zones.This job spec is not exhaustive and may change from time to time in line with the evolving nature of a dynamic and growing business.",65000
"1126362_RR00090135 Job ID: 1126362_RR00090135

NYU Langone Health is a world-class, patient-centered, integrated academic medical center, known for its excellence in clinical care, research, and education. It comprises more than 200 locations throughout the New York area, including five inpatient locations, a children's hospital, three emergency rooms and a level 1 trauma center. Also part of NYU Langone Health is the Laura and Isaac Perlmutter Cancer Center, a National Cancer Institute designated comprehensive cancer center, and NYU Grossman School of Medicine, which since 1841 has trained thousands of physicians and scientists who have helped to shape the course of medical history. At NYU Langone Health, equity, diversity, and inclusion are fundamental values. We strive to be a place where our exceptionally talented faculty, staff, and students of all identities can thrive. We embrace diversity, inclusion, and individual skills, ideas, and knowledge. For more information, go to nyulangone.org, and interact with us on LinkedIn, Glassdoor, Indeed, Facebook, Twitter, YouTube and Instagram.

Position Summary

We have an exciting opportunity to join our team as a Certified Nurse Midwife or Physician Assistant - L&D/Pre & Post Partum/New Born Nursery.

In this role, the successful candidate Responsible for provision, coordination, and assurance of comprehensive medical care using sound medical knowledge and pertinent standards of care, performance of therapeutic, corrective, and prescriptive measures on the designated inpatient or outpatient population, assume delegatory responsibilities assigned by supervising physician privileged as Medical Staff of NYU Langone Health.

Job Responsibilities

Supports the mission, philosophy, standards, goals and objectives of the institution, department and clinical service.Educates patient and family to facilitate and promote healthy adjustment to new or changed health patterns.Evaluates treatment and health care plans for effectiveness and modifies per clinical standards and practice protocols.Performs delegated clinical duties effectively and efficiently.Practices as a member of the allied health staff according to the rules and regulations of the Medical Staff and bylaws as outlined in the delineation of privileges.Prescribes medical equipment, devices, physical and occupational therapy, and home health services per practice protocol.Prescribes in-patient and discharge medications according to New York State law, including controlled substances with DEA authorization.Physical stamina, manual dexterity, visual and aural acuity to perform responsibilities.Membership in professional specialty organizations desirable.Previously demonstrated ability to facilitate group processes and work cohesively andcollaboratively as member of the interdisciplinary team.Evidence of excellent interpersonal skills, effective communication skills, creative problem solvingand excellent critical thinking skills.Previous experience as a physician assistant or physician assistant fellowship experience ispreferred.At least 2 years of clinical rotation in various medical, surgical and other specialty areas.Coordinates implementation of clinical research studies or clinical trials, including patient screening, enrollment and data collection.Monitors and trends the cost effectiveness of the position, particularly as it relates to the efficiency and performance indicators established for the service.Assists in the preparation, implementation, and evaluation of research protocols when applicable.Works collaboratively with nursing and other disciplines in the development and implementation of clinical studies within the area of expertise.Uses evidence-based health care literature to advise and support appropriate practice changes within the designated service.Participates in the development and monitoring of patient outcomes per established practice protocols for purposes of quality and performance improvement.Serves as a clinical expert and resource for the education of peers and other health professionals.Maintains PA board certification.Maintains annual CME requirement for re-appointment and privileging.Maintains current expertise in area of practice.Promotes own professional growth and development in clinical role.Functions as a respectful member of the health care team.Participates in designated activities related to professional physician assistant practice standards.Demonstrates knowledge of the organizations Core Values and incorporates them into the performance of responsibilities.Facilitates patients throughput and efficient process during patients admission and discharge.Facilitates the continuity of care across the continuum of services, e.g. home care, other facilities, appointments with MDs etc.Provides consultation about the therapeutic regimen to the nursing staff responsible for the patients care in the hospital setting.Works collaboratively with the attending physician to maintain timely and appropriate communication with family members, house staff, other disciplines and ancillary services.Participates in the development and revision of interdisciplinary and hospital standards, patient and family education materials as relevant to area of practice and expertise.Works collaboratively with the interdisciplinary team including the attending physician to develop and implement the therapeutic plan of care for a group of patients and ensure communication with family members.Plans and organizes care to meet individual patient needs and to ensure appropriate clinical resource utilization per protocols, pathways, and other meansAdditional Position Specific Responsibilities:“Physician Assistants working at the Helen L. & Martin S. Kimmel Hyperbaric and Advanced Wound Healing Center (“Hyperbaric Center”) will have additional duties assigned to them as outlined in the “Role of the Physician Assistant” policy for the Hyperbaric Center.”
Minimum Qualifications

To qualify you must have a Physician Assistant Bachelor's Degree (BA-PA)

Current New York State Physician Assistant License

NCCPA Board Certification

ACLS, PALS, NRP Provider (Neonatal Resuscitation Program) NALS per delineation of privileges.

Required Licenses: Physician Assistant Lic-NYS, Ntl Com Cert Physician Asst

Preferred Qualifications

Membership in pertinent professional organizations preferred.

Qualified candidates must be able to effectively communicate with all levels of the organization.

NYU Langone Health provides its staff with far more than just a place to work. Rather, we are an institution you can be proud of, an institution where you'll feel good about devoting your time and your talents.

NYU Langone Health is an equal opportunity and affirmative action employer committed to diversity and inclusion in all aspects of recruiting and employment. All qualified individuals are encouraged to apply and will receive consideration without regard to race, color, gender, gender identity or expression, sex, sexual orientation, transgender status, gender dysphoria, national origin, age, religion, disability, military and veteran status, marital or parental status, citizenship status, genetic information or any other factor which cannot lawfully be used as a basis for an employment decision. We require applications to be completed online.

If you wish to view NYU Langone Health's EEO policies, please click here. Please click here to view the Federal ""EEO is the law"" poster or visit https://www.dol.gov/ofccp/regs/compliance/posters/ofccpost.htm for more information.

NYU Langone Health provides a salary range to comply with the New York state Law on Salary Transparency in Job Advertisements. The salary range for the role is $133,390.40 - $194,390.40 Annually. Actual salaries depend on a variety of factors, including experience, specialty, education, and hospital need. The salary range or contractual rate listed does not include bonuses/incentive, differential pay or other forms of compensation or benefits.

To view the Pay Transparency Notice, please click here",194390.41
"Job Description:

The role of Guest Experience Manager is crucial for the delivery of an Unforgettable Experience in our Retail stores, and for upholding the sales side of the business. Success is found in this role through exceptional leadership skills, driving for results, and delivering on Key Business metrics, not excluding the importance of developing one's own skills and the continued development of direct reports. Job Specifications/Qualification

What are we looking for?

Desired Education 

 College Degree or equivalent experience Knowledge / Experience Key Experiences Desired Minimum 2 years’ experience managing in a fast-paced environment Experience in leading direct reports Manager on Duty experience Basic computer IT skills Decisive in driving sales, operational excellence, and satisfying the Guest

Other willingness requirements: 

 Willingness to work in an environment with loud music and bright lights Willingness to work in an ever-changing and fast paced environment Willingness to step in at a moment’s notice to support the team, in any way needed

What will be your key responsibilities?

PEOPLE LEADERSHIP

 Act as a Great Line Manager, using the Five Principles in all decision making Create a fun and inclusive environment where Associates feel comfortable being their true and authentic self at work, in a “fun kind” way to bring out the best in each other Manage, train, onboard, and develops a full team which may include Associates, supervisors, and individual contributors Role model, coach, and ensure accountability for the behaviors of an effective Manager on Duty to ensure achievement of all sales objectives and goals Assess, evaluate, train and coach Supervisors to drive sales and operational objectives through the engagement and productivity of our Associates Exemplify The Five Principles and Associate Concept

Guest Experience

 Create an environment that drives sales through exceptional guest experiences Place a high priority on educating Associates on hospitality, entertaining, and selling Champion a ""Guest comes first"" attitude through the power of fun, in an environment where everyone feels they belong, with a ‘One for All and All for Fun’ mentality Develop Associates to use resourcefulness for product knowledge and category components, to keep displays/spaces occupied and shoppable May work in tandem with Visual support to provide accurate roll out of floor changes, ensuring products are available May analyze consumer data captured in store to strategize and create action plans Manage store experiences, bringing our brand to life. This includes actively approaching guests when hosting our famous candy wall, sampling candy, personalizing chocolate, and representing our characters, which helps brings our brand to life Hold team accountable to partner with merchandizers for product replenishment requests.

STORE OPERATIONS

 Lead and adhere to all Standard Operating Procedures Support presentation excellence to ensure all areas of the store are well prepared (neat clean, organized, operational and safe), allowing guests to shop with ease Manage the reduction of waste across all areas of the store Support auditing events to local and/or company standards Drive Quality to achieve compliance in food regulation, local regulation, and auditing Protects sales through maintaining the Point- of- Sale system by supporting cashier concerns and pricing issues Maintain accurate Associate scheduling/placement while acting as Manager on Duty, which will ensure effective customer service and operational coverage throughout the store Support in managing general store expenses Provide proactive insight to schedule and impact a healthy payroll and staffing labor model Support the integrity and functionality of the time clocks and timekeeping system

M&M’S BRAND AMBASSADOR + PRODUCT KNOWLEDGE

 Store expert of the M&M’S brand, store products and experiences. This includes greeting and approaching all guests with a friendly and positive attitude Adapt approach and demeanour in real time to match the shifting demands of different situations to showcase product representation in key areas throughout the store May support the brand by leading our classic characters in costume Internally, advocating for equity, inclusion, and diversity, creating a unique team and role modelling allyship Externally, relating the brand purpose to guests, stakeholders, and external partners, helping to enhance brand loyalty – potentially hosting and organizing events BUSINESS RESULTS Analyse daily, weekly, and overall sales results against business objectives and pivot if necessary Maximise profitability to identify potential opportunities for growth Execute strategies and plans to achieve sales growth through business analysis, action planning, effective communication, and consistent accountability Responsible for upholding and coaching on all Mars Retail Group policies and procedures, plus local regulation adherence, including attendance and timekeeping, food handling guidelines, Quality, loss prevention, and safety/emergency procedures Support continual growth of the business via effective talent, retention, and recruitment management

STAKEHOLDER MANAGEMENT + COMMUNICATION

 Utilize sales data and consumer feedback to recommend changes to the Store Director team in a timely manner Aid in strengthening connections and consensus within the store team May collaborate over Associate case management with relevant P&O stakeholders to ensure all people practices, policies and procedures are fair and consistent Aware of and collaborates with the Director team over local retail business trends, insights, opportunities and community outreach Integral role in a strong and influential Store Leadership team

What can you expect from Mars?

Work with over 130,000 diverse and talented Associates, all guided by the Five Principles.Join a purpose driven company, where we’re striving to build the world we want tomorrow, today.Best-in-class learning and development support from day one, including access to our in-house Mars University.An industry competitive salary and benefits package, including company bonus.

Total rewards at Mars includes base pay, competitive benefits, and annual bonus (if position is eligible). The full-time pay range for this role is:

USD 67,688.00 - USD 101,531.00

Mars is an equal opportunity employer and all qualified applicants will receive consideration for employment without regard to race, color, religion, sex, sexual orientation, gender identity, national origin, disability status, protected veteran status, or any other characteristic protected by law. If you need assistance or an accommodation during the application process because of a disability, it is available upon request. The company is pleased to provide such assistance, and no applicant will be penalized as a result of such a request.",101531
"At Barings, we are as invested in our associates as we are in our clients. We recognize those who work diligently for us and reward them for personal and professional integrity, communication skills, distinct competencies and expertise in specific strategies, ability to collaborate as a team member and true dedication to the interests of our clients.

We thank you for your interest in joining the Barings team, and invite you to explore our current employment opportunities.

Title: Senior Director- East Coast Acquisitions

Location: New York, NY or Boston, MA

Barings is a leading global financial services firm dedicated to meeting the evolving investment and capital needs of our clients and customers. Through active asset management and direct origination, we provide innovative solutions and access to differentiated opportunities across public and private capital markets. A subsidiary of MassMutual, Barings maintains a strong global presence with business and investment professionals located across North America, Europe, and Asia Pacific.

Primary Responsibilities

Originate, underwrite, negotiate and close real estate equity investments in the Northeast U.S., including development opportunities and existing assets within the commercial office, retail, industrial and multi-family sectors. Experience sourcing and executing niche sector opportunities in self storage, data centers and SFR ventures is a plus.Source and identify new joint venture partners who meet the Company’s criteria, and create relationships which will provide a consistent pipeline of suitable investment opportunities.Source and identify direct investment opportunities which meet a variety of return parameters from core through opportunistic.Present and defend investments to the Investment CommitteeWork with legal counsel to negotiate purchase agreements, partnership agreements and related legal documentationOversee and coordinate the underwriting and due diligence of each transaction including financial modeling; market surveys; tenant credit analysis; broker interviews; interacting with property management personnel, tenants, and local government officials; and ordering, coordinating, and analyzing third-party reports.Provide Company management with information regarding current market conditions, including supply, demand and competitor activity.Collaborate with other members of the investment team to achieve overall regional objectives.Train and develop investment analysts and associates.


Knowledge Requirements

10+ years of commercial real estate investment experience, including 5 years minimum experience in acquisitions.Bachelor’s degree required, with Business or Finance preferred.MBA is strongly preferred.Experience with a variety of real estate asset types.Preferably has specific real estate investment experience with property located in the Eastern U.S.Experience identifying, developing, and structuring joint venture partnerships.Strong network of contacts among owners, developers, brokers, financiers, and others active in Eastern U.S. real estate markets.


Qualifications

Effective negotiator with demonstrated ability to achieve consensus.Sophisticated financial skills and capital markets perspective with ability to structure investments to achieve Company’s investment requirements.Exceptional quantitative underwriting skills.Ability to interact with members of senior management, executives and line staff in a positive and collegial manner.Ability to influence others and win support on critical issues.Must have strong client service focus.Must possess a high standard of professionalism and integrity.Ability to prioritize, multi-task and meet tight timelines.Ability to make key recommendations and decisions.Willingness and ability to travel.Exceptional interpersonal, verbal and written communication skills.


Base Salary: $225,000+

Barings is an Equal Employment Opportunity employer; Minority/Female/Age/Sexual Orientation/Gender Identity/Individual with Disability/Protected Veteran. We welcome all persons to apply.

Barings Offers a Comprehensive Benefits Package Including

CORE BENEFITS & WELLNESS

Medical (including Virtual Care), Prescription, Dental, and Vision CoverageFitness Center Reimbursement Program (Including Online Memberships)Employee Assistance Program (EAP)Fertility Benefits


FINANCIAL WELL-BEING

Highly competitive 401(k) Plan with Company MatchHealth Savings Account (HSA) with Company ContributionsFlexible Spending Accounts (FSA) - Health Care & Dependent CareRetirement Health Reimbursement Account


LIFE INSURANCE

Basic and Supplemental Life InsuranceSpouse and Child Life Insurance


TIME OFF, DISABILITY AND LEAVE OF ABSENCE

Paid Vacation, Sick Days and Annual HolidaysPaid Leave of Absences (Maternity Leave, Parental Leave, Caregiver Leave, Bereavement Time)Short and Long Term Disability PlansPaid Volunteer Time


Other Benefits

Education Assistance ProgramCharitable Matching Gifts ProgramCommuter Reimbursement ProgramAdoption and Surrogacy Reimbursement Program


",
"Company Description

NBCUniversal owns and operates over 20 different businesses across 30 countries including a valuable portfolio of news and entertainment television networks, a premier motion picture company, significant television production operations, a leading television stations group, world-renowned theme parks and a premium ad-supported streaming service.

Here you can be your authentic self. As a company uniquely positioned to educate, entertain and empower through our platforms, Comcast NBCUniversal stands for including everyone. We strive to foster a diverse and inclusive culture where our employees feel supported, embraced and heard. We believe that our workforce should represent the communities we live in, so that together, we can continue to create and deliver content that reflects the current and ever-changing face of the world. Click here to learn more about Comcast NBCUniversal’s commitment and how we are making an impact.

Job Description

The Global Streaming Platform powers the best entertainment experiences from Peacock, NOW/WOW, SkyShowtime, and Showmax. When you join our team, you'll work across our dynamic portfolio supported by media industry leaders Comcast, NBCUniversal, and Sky. With unequalled scale, our teams make the most out of every opportunity to collaborate and learn from one another. We're always looking for ways to innovate faster, accelerate our growth, and consistently offer a best-in-class consumer experience across more than 70 countries. Most importantly, we're backed by a culture of respect. We embrace authenticity and inspire our people to thrive.

The Global Streaming Product team lives and breathes design excellence. We’re a cross-functional team of product managers, UX researchers, UX designers, product engineers, and data scientists. Here you’ll find more than a job. You’ll find a fast-paced, high-performance team of incredible colleagues that want to be at the epicenter of technology, sports, news, TV, movies and more. Our work is central to our mission to deliver a future-focused user experience across our best-in-class streaming platforms. Together, we’re focused on getting customers to content they love, faster and easier.

Peacock is looking for an experienced Senior Product Manager to drive the strategy and requirements for our TV devices, acting as the champion and owner of the holistic experience in these ecosystems.

In This Role, You Will

Own and manage integration feature capabilities across the TV experiences, including Fire TV, smart TVs, and gaming consolesWork with cross-functional product feature owners to optimize experiences for the TV platformDevelop the strategy for improving the overall experience and maintaining a competitive footing for table stake features on the industry-leading TV devicesIdentify new potential device platform capabilities that might be leveraged within the Peacock experienceCollaborate closely with cross-TV development teams to prioritize new feature work along with defect resolutionPartner with development and data analysis teams to pinpoint areas of experience improvements on browsers to drive greater engagementEngage marketing and distribution teams to maximize Peacock’s reach on the TVManage senior stakeholders through the entire product lifecycle: from definition to go/no-go decisionCreate and deliver exec presentations that explain experimentation practices, partner product features, and roadmaps, as and when requiredHelp build a product culture at Peacock

Qualifications

Minimum 5-7 years of experience developing and managing multiple products at scale, delivering excellent customer experiences and measurable business impactStrong experience with and understanding of browser platforms and web consumption behaviorsEmpathy for the user and how to meet their needs and simplify their livesA solid technical understanding to have technical conversations and know when to challenge developers and ask pertinent questions.Strong analytical skills to evaluate a wide range of detailed information, clearly identifying the pertinent points to determine coherent approaches to problems.Ability to be a team player willing to share responsibilities, confer with others, help others do their jobs, lead work streams where necessary, and manage and mentor a team of product managers.Has a high degree of software literacy and comfort with various project management tools such as Asana, Jira, Trello, or similar, and analytics software.Understanding of software development concepts and familiarity with Agile or Continuous Integration methodology - able to think holistically while building and learning iteratively

Desired Qualifications

College degree in a related field preferredExperience in technology or digital media, preferably with consumer-facing productsPassion for creating innovative and engaging consumer products in the digital ecosystem, focusing on streaming video, social media, interactive television, gaming, etc.Experience in the television industry, including business models, trends, and ecosystem of companies that comprise its preferredExperience with optimizing user experiences through iterative AB testingExperience converting business ideas and research into well-thought-out and timely product releases with an emphasis on customer value, revenue, and performanceOutstanding verbal, written, and interpersonal communications with proven ability to work collaboratively with Sales, Marketing, Operations & Engineering Leadership to foster shared ownership of product deliverables and shape and refine market-specific agendas

This position is eligible for company sponsored benefits, including medical, dental and vision insurance, 401(k), paid leave, tuition reimbursement, and a variety of other discounts and perks. Learn more about the benefits offered by NBCUniversal by visiting the Benefits page of the Careers website. Salary range: $150,000 - $190,000; Bonus and LTI Eligible

Additional Information

NBCUniversal's policy is to provide equal employment opportunities to all applicants and employees without regard to race, color, religion, creed, gender, gender identity or expression, age, national origin or ancestry, citizenship, disability, sexual orientation, marital status, pregnancy, veteran status, membership in the uniformed services, genetic information, or any other basis protected by applicable law.

If you are a qualified individual with a disability or a disabled veteran, you have the right to request a reasonable accommodation if you are unable or limited in your ability to use or access nbcunicareers.com as a result of your disability. You can request reasonable accommodations in the US by calling 1-818-777-4107 and in the UK by calling +44 2036185726.",190000
"Overview
About AnnalectAnnalect is the Data & Technology arm of Omnicom Media GroupAnnalect’s 2,000+ innovators leverage data and technology to help clients across Omnicom build relationships that matter — whether that means fostering consumers’ trust in brands, building new experiences, or delivering advanced analytics where it’s most needed. Annalect is the driving force behind Omni, Omnicom’s unique open operating system, which works hand-in-hand with clients’ and partners’ data and tools, to orchestrate better marketing outcomes.
Annalect’s unique approach to data and technology – one that relies on transparency, neutrality, and interoperability – allows us to deliver purpose-built and scalable solutions that make data actionable. Our advanced teams of product leaders, data scientists, consultants, and engineers enable us to meet the business goals of our internal and external clients.
Team OverviewThe Annalect Technology team is an engaged and innovative group of technologists that includes backend, frontend, full-stack, data engineers, and a variety of disciplines within the technology field. It is comprised of team members who are highly collaborative and committed to a culture of work/life balance and continual learning and development.
The technology team is an exceptional group of technologists known for their expertise, innovation, and dedication. Comprised of diverse professionals from various disciplines within the technology field, the team showcases a remarkable blend of skills and knowledge. The primary goal of the technology team is to enable and enhance the company's operations, products, and services through technological advancements. They strive to deliver exceptional user experiences, optimize efficiency, and drive business growth by leveraging the latest tools, technologies, and industry best practices.
QualificationsRequired Skills And Qualifications4+ years of experience in security program management, project management, or related technical functions.1+ years of security experience in vulnerability management, incident management, security assessments.Experience with security research and vulnerability remediation in a cloud environment.Experience with the software development life cycle in AWS, Azure, or GCP.Familiarity with SOC2 and GDPR or similar regulations is a plus.Functioning as a security point of contact for all technical teams and non-technical stakeholders, articulating Annalect’s security status and posture effectively is critical.Rigorous planner and organizer. Can keep team members and stakeholders on task assisting in prioritization and progress throughout a project’s lifecycle.Maintain thorough documentation about a project across all working components, creating reports and workflows, to achieve the deliveries and provide transparency. 
ResponsibilitiesPosition Overview:Annalect is looking for a Technical Business Analyst to join our technology team. The Technical Business Analyst is responsible for managing security programs, defining milestones and success criteria of security measures, monitoring cross-team mandates, and monitoring security compliance across the Annalect Technology Team. This individual will play a key role in defining and maintaining compliance in various areas such as network security, application security, data security, and vulnerability management. This role will also interact externally with clients and non-technical stakeholders to deliver information of our security states across code, software products, and infrastructure, as well as internally with various technical teams to achieve security compliance and certifications.This individual must have a proven track record of thorough documentation and project management skills. This is a position that requires technical expertise and impeccable organization skills to ensure Annalect’s security compliance.
Key ResponsibilitiesManage multiple security programs across Annalect Technology defining milestones and success criteria, maintaining thorough documentation throughout.Work with technical teams to catch security vulnerabilities and manage security platforms to ensure security compliance.Coordinate between multiple cross-functional teams to set clear expectations about responsibilities to internal and external customers from a security perspective.Ensure implementation of security mandates and monitoring and remediation of security vulnerabilities across multiple teams.Maintain compliance across the cloud with Annalect’s Software Development Life Cycle security policies.Work with internal and external stakeholders to articulate and explain Annalect’s security policies and best practices.Organize and document Annalect’s SOC2 re-certification process. 
Perks of working at AnnalectCulture! We have an incredibly fun, collaborative environment that encourages engagement and work/life balanceGenerous PTO that includes vacation days, personal days, a fantastic Summer Friday program and extended time off around the holiday season.As part of Omnicom, we have the backing and resources of a global billion-dollar company, but also have the flexibility and pace of a “startup” - we move fast, break things, and innovate. 
Compensation Range: $60,000 to $80,000. This is the pay range the Company believes it will pay for this position at the time of this posting. Consistent with applicable law, compensation will be determined based on relevant experience, other job-related qualifications/skills, and geographic location (to account for comparative cost of living). The Company reserves the right to modify this pay range at any time. For this role, Benefits include: health/vision/dental insurance, 401(k), Healthcare Flexible Spending Account, Dependence Care Flexible Spending Account, vacation, sick, personal days, paid parental leave, paid medical leave, and STD/LTD insurance benefits.
Annalect, a division of Omnicom Media Group, reaffirms its commitment to the policy of Equal Employment Opportunity and to carrying out this policy at all of its offices. It shall be the policy of Omnicom Media Group to (1) recruit, select, hire, train, promote, pay, discipline and terminate employees in all job classifications without regard to age, race, color, creed, national origin, citizenship status, alienage, religion, sex, sexual orientation, marital status, veteran status, disability or any other basis upon which discrimination against or harassment of employees or applicants for employment is prohibited under any applicable federal, state or local equal opportunity employment laws and (2) ensure that all personnel actions are administered without discrimination in violation of applicable law.",80000
"My client is a leading manufacturing company dedicated to providing exceptional services/products to our customers. As they continue to grow, they are looking for a skilled and experienced NetSuite Administrator to join their team and help them maintain and optimize our NetSuite system.Role Overview: As a NetSuite Administrator, you will be responsible for the daily management, maintenance, and optimization of their NetSuite system. This role is critical to ensuring the system supports their business processes effectively and efficiently. You will collaborate with different departments to provide technical support, customize the system to meet business needs, and drive continuous improvement.Key Responsibilities:Manage the daily administration of the NetSuite platform, including user management, customization, and maintenance.Troubleshoot and resolve system issues, providing support and training to users as needed.Develop, implement, and manage workflows, reports, and dashboards to support business operations.Collaborate with various departments to understand their requirements and configure the system accordingly.Monitor system performance and recommend enhancements to improve efficiency and effectiveness.Stay updated on NetSuite features, modules, and best practices to drive continuous improvement.Work with third-party vendors and consultants as necessary for system integrations and customizations.Maintain data integrity and security within the system.Qualifications:Bachelor's degree in Information Technology, Business, or a related field.3+ years of experience administering NetSuite in a business environment.Strong understanding of NetSuite capabilities and functionality.Experience with SuiteScript, SuiteFlow, and other customization tools.Excellent problem-solving and analytical skills.Strong communication and interpersonal skills.Ability to work independently and as part of a team.Benefits:Competitive salary and benefits package.Opportunity for professional growth and development.Collaborative work environment with supportive leadership.Remote working
 
Reperio Human Capital acts as an Employment Agency and an Employment Business.",130000
"New York City, NY | |

At Rothy’s, we know there’s a better way to do business, and it starts by putting the planet and its people first. More than 179 million single-use plastic bottles and 629,000 pounds of ocean-bound marine plastic have been transformed into our signature thread, creating wardrobe staples that look just as good as they feel.

Striving for zero waste, we combine 3D knitting technology and handcrafted assembly to create machine washable styles that don’t compromise on comfort. From classic shoes to carry-everywhere bags, we create essentials for wherever you go.

At Rothy’s, building a sustainable future is at the heart of everything we do. We pride ourselves on fostering an inclusive environment at our HQ, retail stores and wholly-owned factory, and are growing our community every day.

About The Team

The Merchandising and Planning team is always on top of the latest trends—using data, research, exceptional taste and expert analytical skills to ensure we’ve got the right product in the right places at the right time. They work closely with partners in Production, Ecommerce and Inventory Planning to forecast, plan and manage our inventory—ensuring we delight our customers with products they love.

We’re looking for an experienced Account Executive for our Wholesale Team to develop and implement our brand new Rothy’s wholesale strategy to drive profitable sales growth. You will work closely with a broad range of internal cross functional partners including merchandising, marketing, planning and operations to support our strategy in bringing the Rothy’s brand to new consumers, as well as external partners and buyers from the wholesale space. You will be responsible for helping to develop, communicate and implement the merchandise strategy and driving financial results. You are deeply analytical, love people and relationships, and understand consumer trends and behavior and how they inform business strategies. This role will temporarily report to the Chief Product and Merchandising Officer, and then will report to Director, Wholesale upon return from LOA. This department is in its early stages of development within the company, so the possibility of full-time opportunities will be contingent upon the evolving business needs.

What You’ll Do

Support assortment strategy in wholesale revenue growth by influencing decisions at every stage of the product life cyclePrepare and manage all wholesale docs and reports, including maintaining accurate costing, pricing, margins and all product detailed info needed by our wholesale buyers Maintain all current wholesale account relationships, staying in constant contact with key players from each account and providing account services to these teams Become key point person for new accounts still in discussion, offering showroom appointments and follow upCommunicate with SF HQ on account status for each current account with all updates so HQ team can forecast accurately for inventory needs and sales projections Support all operations needs and communication in support of the wholesale channel, including working with PR team based in NY office on showroom and sample needsWork with merchandise planning to hold or purchase inventory needed to support wholesale accountsAct as wholesale category expert on in-season selling analysis, to report out to SF HQ team weekly, and to inform swaps for more productive inventory for accounts if they have slow product or need more inventory of best sellers Understand importance of profitability and decisions that impact profitability, from terms to discounts, to returns, to shipping and refurbishment costs. Be a savvy negotiator and communicator in order to yield best possible terms, and most profitable constructs for Rothy’s

You Have

Minimum of 2 years of merchandising or buying experience, with experience in footwear and wholesale a definite plusComfort and proficiency in using analytical tools and reporting to inform buys and forecasting processes with merchandise planning A natural curiosity and a proactive approach with a high level of ownership and responsibility for your workA love for tackling problems and using your analytical skills to find solutionsAn entrepreneurial spirit, who thrives in a fast-paced and dynamic environment, and relishes working collaboratively with cross-functional groups internally and externally, but can also be self-starter from our NY office, not located directly with cross-functional team Competency in juggling many tasks both mental and physical, including appointment details like scheduling, ordering coffee/snacks, arranging showroom samples into presentation format, keeping NY office organized and tidy for constant appointments

Our Benefits

Generous paid time off401k matchingComprehensive health plans for you and your familySupplemental mental health benefitsMonthly wellness reimbursementEmployee Discount Program!

Pay Range

$82,000 - $96,000 annually

Base pay is one part of the total rewards package that is provided to compensate and recognize employees for their work. This role may be eligible for additional discretionary bonuses/incentives, as well as a comprehensive benefits package.

Please see our Privacy Policy here",96000
"EY focuses on high-ethical standards and integrity among its employees and expects all candidates to demonstrate these qualities. At EY, you’ll have the chance to build a career as unique as you are, with the global scale, support, inclusive culture and technology to become the best version of you. And we’re counting on your unique voice and perspective to help EY become even better, too. Join us and build an exceptional experience for yourself, and a better working world for all.

Primary location for this role is in NY.

EY is a leader in serving the global financial services marketplace and the only professional services firm with a separate business unit dedicated to the financial services industry – the Financial Services Organization (FSO). Our focused model and bold ambition have put us at the center of the events that continue to reshape and redefine our industry, working side by side with a range of clients from our most venerable institutions to dynamic new entrants across Banking and Capital Markets, Wealth and Asset Management and Insurance. Our purpose is to help build a financial services industry in which financial institutions are trusted and flourish, and the global economy is healthy, growing and secure. If you have a passion for rallying together to solve complex challenges, then come join our dynamic FSO team! 

The opportunity

The Structured Finance group, is a group within FSO that specializes in addressing varying needs of market participants in the securitization marketplace across asset classes, including asset- backed securities (ABS), commercial mortgage- backed securities (CMBS), residential mortgage- backed securities (RMBS) and collateralized loan obligations (CLO). The securitization market is a dynamic marketplace, continuously evolving with new regulations and technological advances every day. This a great opportunity to work in this fast-paced environment, support diverse engagement teams and work with a wide variety of clients on strategic and global priority accounts.

Your key responsibilities

The Structured Finance Valuation Analysis and Pricing (VAP) Team provides an array of services to the firm's audit clients in the analysis of their portfolios of fixed income investments, including ABS, CMBS, RMBS and CLOs.

Supporting engagement teams with diverse skills and backgrounds, fostering an innovative and inclusive team-oriented work environmentLeveraging market knowledge and third party technology platforms in order to provide in depth analysis on structured product securitiesCreating cashflow models for securitized products and discussing modeling methodologies and assumptions with clients and audit teamsEstablishing relationships with client personnelRemaining current on new developments in consulting services capabilities and industry knowledge

Skills and attributes for success

Strong leadership, teaming, technical and relationship- building skills and integrity. These skills along with having a consistent commitment to delivering only the highest quality of work products to your clients, will allow you to easily integrate into the Structured Finance VAP team and reach your professional development goals.

To qualify for the role you must have

Bachelor's degree and approximately 2 years structured finance experience or Master's degree and approximately 1 years structured finance experience. Degree in finance, economics, mathematics, accounting, engineering or a related discipline; MBA or MS preferredHighly organized, detail oriented and excellent prioritization skills with a commitment to meeting deadlines with minimal supervisionStrong quantitative and analytical skillsModeling and valuation experience with fixed income securitiesFlexibility and willingness to travel and work in excess of standard hours when necessary to meet client deadlines; valid driver's license and passport to meet travel requirementsProficient in Microsoft Excel, Bloomberg, Intex, Moody's Wall Street Analytics, Citigroup Yieldbook and transparency tools of pricing vendorsStrong communication skills 

Ideally, you'll also have

Prior structured finance experience is strongly preferred

What we look for

Individuals who demonstrate in-depth technical capabilities, professional knowledge, the ability to quickly assimilate new knowledge and possess good business acumen. Integrity within a professional environment.

What We Offer

We offer a comprehensive compensation and benefits package where you’ll be rewarded based on your performance and recognized for the value you bring to the business. The salary range for this job in most geographic locations in the US is $61,300 to $101,100. The salary range for New York City Metro Area, Washington State and California (excluding Sacramento) is $73,600 to $114,900. Individual salaries within those ranges are determined through a wide variety of factors including but not limited to education, experience, knowledge, skills and geography. In addition, our Total Rewards package includes medical and dental coverage, pension and 401(k) plans, and a wide range of paid time off options. Under our flexible vacation policy, you’ll decide how much vacation time you need based on your own personal circumstances. You’ll also be granted time off for designated EY Paid Holidays, Winter/Summer breaks, Personal/Family Care, and other leaves of absence when needed to support your physical, financial, and emotional well-being.

Continuous learning: You’ll develop the mindset and skills to navigate whatever comes next.Success as defined by you: We’ll provide the tools and flexibility, so you can make a meaningful impact, your way.Transformative leadership: We’ll give you the insights, coaching and confidence to be the leader the world needs.Diverse and inclusive culture: You’ll be embraced for who you are and empowered to use your voice to help others find theirs.

If you can demonstrate that you meet the criteria above, please contact us as soon as possible.

The Exceptional EY Experience. It’s Yours To Build.

EY | Building a better working world

EY exists to build a better working world, helping to create long-term value for clients, people and society and build trust in the capital markets.

Enabled by data and technology, diverse EY teams in over 150 countries provide trust through assurance and help clients grow, transform and operate.

Working across assurance, consulting, law, strategy, tax and transactions, EY teams ask better questions to find new answers for the complex issues facing our world today.

EY is an equal opportunity, affirmative action employer providing equal employment opportunities to applicants and employees without regard to race, color, religion, age, sex, sexual orientation, gender identity/expression, pregnancy, genetic information, national origin, protected veteran status, disability status, or any other legally protected basis, including arrest and conviction records, in accordance with applicable law.

EY is committed to providing reasonable accommodation to qualified individuals with disabilities including veterans with disabilities. If you have a disability and either need assistance applying online or need to request an accommodation during any part of the application process, please call 1-800-EY-HELP3, type Option 2 (HR-related inquiries) and then type Option 1 (HR Shared Services Center), which will route you to EY’s Talent Shared Services Team or email SSC Customer Support at ssc.customersupport@ey.com",101100
"At Saatchi & Saatchi we believe in creating ideas that can live anywhere. We believe that when we work as a team, nothing is impossible. We strive to bring out the best in each other and in ourselves and expect applicants to understand the value of close collaboration. We also believe that creating transformational work requires initiative, an entrepreneurial spirit and a bold commitment to achieving measurable results and business success for the clients we service.

Job Description

The Business Development Manager will work alongside the New Business Development team to assist and coordinate opportunities to introduce the agency to prospective clients. They will be involved in brand planning and analytic activity associate with acquiring new business.

ResponsibilitiesWorks with the business development team to help craft creative briefs and provide clear, briefings to Strategy/Creative teams and remain an active contributor throughout the creative development process.Able to develop a backgrounder with an understanding of the client business objectives, internal and competitive opportunities, and customer insights into actionable marketing communications strategies.Provides team with direction and input to ensure business and project goals are met.Exhibits enthusiasm for clients' business and industry. Maintains leading edge of knowledge of clients' business and industry.Recognizes and seizes opportunities to contribute to agency new business.Regularly informs business development team on status of business, help partner with resourcing to ensure the team can execute against business development initiatives.Monthly maintenance and reporting on growth & marketing budgetMonthly maintenance and updating of salesforce tool for new business activityResponsible for partnership with operations in the creation and management of RFP and Pitch SchedulesWorks with Account Director to ensure all workstreams of pitches are running according to schedule and managing troubleshooting where neededPartner with new business Admin on the coordination of travel and all related details for pitches

Qualifications

Minimum of bachelor's degree or equivalent in a related field; graduate degree is a plus.3 to 5 - years of experience in account management, strategy or business development role within an advertising agency or similar.Has deep knowledge and experience with multichannel marketing.Understands the advertising industry & able to see areas of opportunity.Has excellent presentation skills and presentation development skills.Has excellent organizational skills.Comfortable working in an integrated agency environment.Self-starter & ambitious.

Additional Information

All your information will be kept confidential according to EEO guidelines.

Compensation Range: $58,500.00 - $92,000.00 annually. This is the pay range the Company believes it will pay for this position at the time of this posting. Consistent with applicable law, compensation will be determined based on the skills, qualifications, and experience of the applicant along with the requirements of the position, and the Company reserves the right to modify this pay range at any time. For this role, the Company will offer medical coverage, dental, vision, disability, 401k, and paid time off. The Company anticipates the application deadline for this job posting will be 05/30/24.",92000
"1126370_RR00089252 Job ID: 1126370_RR00089252

NYU Grossman School of Medicine is one of the nation's top-ranked medical schools. For 175 years, NYU Grossman School of Medicine has trained thousands of physicians and scientists who have helped to shape the course of medical history and enrich the lives of countless people. An integral part of NYU Langone Health, the Grossman School of Medicine at its core is committed to improving the human condition through medical education, scientific research, and direct patient care. At NYU Langone Health, equity, diversity, and inclusion are fundamental values. We strive to be a place where our exceptionally talented faculty, staff, and students of all identities can thrive. We embrace diversity, inclusion, and individual skills, ideas, and knowledge. For more information, go to med.nyu.edu, and interact with us on LinkedIn, Glassdoor, Indeed, Facebook, Twitter and Instagram.

Position Summary

We have an exciting opportunity to join our team as a Research Coordinator.

In this role, the successful candidate is responsible for providing moderate to advanced range of coordination of Research studies conducted at the Medical Center. Assists with the recruitment, enrollment, grant submissions, research data collection and study coordination activities. Performs intra-operative monitoring and serves as liaison with internal and external funding agencies. Ensures the accurate execution of research protocols in accordance with Good Clinical Practices, HIPAA and required obligations to patient/subject, Principal Investigator, research team and sponsor. Interfaces directly with patients/subjects and Principal Investigator in support of the clinical trials if applicable. Establishes liaisons with relevant parties at the Medical Center that may include: Research Nurses, Research Pharmacists, Program Managers, Medical Technicians, Clinical Information Systems and regulatory Services. Might assist in the initiation and management of research studies. Works under general direction

Job Responsibilities

Human Subjects Research As applicable, oversee the submission of necessary documents required by the NYU Institutional Board (IRB), NYU Office of Clinical Trials and any other appropriate parties in order to obtain approval to conduct human subjects research (e.g., ensures the update and submission of necessary documents and/or forms to appropriate destination). Might prepare, audit and submit monthly enrollment statistics to the Office of Clinical Trials, and provides other information in timely manner, as necessary.Participates in special projects and performs other duties as required.Decision Making and Problems Solving Combines and evaluates information and data to make decisions about relative importance of information and choosing the best solution to solve problems. Resolves complex situations and refers non solved issues and questions with recommendation to supervisor.Budget - Develops a preliminary draft budget and submit to the Director/Principal Investigator. Reviews sponsor-proposed budget for adequate coverage and recommend changes as appropriate. Assists in the preparation of funding reports to funding agencies and helps identify new potential sponsors/agents for trials and researches. Monitor budget throughout trial.Grants Prepares and submit grant applications and other grants related activities such as developing grants applications/proposals and fund raising activities if applicable. Collects and organizes required paperwork for submission if applicable. Follow up and coordinates resolution of all issues progress reports to the sponsors to fund medical research in the division.Reporting and Analysis Researches, compiles and consolidates data and conducts preliminary analyzes to data collected for presentation to sponsoring and regulatory agencies. Provides reports to all necessary parties (e.g., the principal investigator, sponsoring agency, etc.) on the progress of the study as needed. Formulates, prepares database and generates preliminary measurement reports for review by PI. May complete assessments on study subjects/patients following protocol (with proper training); continues to follow-through with items and patients as part of the research study.Continuous Learning: Position requires ongoing continuing education in all areas of research development (training programs are provided through the SOM). Promotes own professional growth and development in research role and maintains current expertise in area of practice. Maintains annual requirement of 10 CEUs in continuing research education; employee must demonstrate proof of ongoing research education. Serves as a resource to peers and works collaboratively with other disciplines within the area of expertise.Clinical Competency: competency in performing EKG, phlebotomy technique, centrifuge, handling, storing and shipping of specimens. Clinical training and didactic competency tests may be required to perform basic procedures as part of position expectations. In house training and certification will be provided. Other trainings and competencies may be included as required. [Need relevant reference in requirements for minimum qualifications].Recruitment - Screens potential patients/subjects for eligibility to the study. This may include gathering information from the medical record, physician referral, advertisement and directly scheduling a visit to evaluate the patient/subject. Reviews all the elements of the screening process with the Principal Investigator that being: inclusion/exclusion criteria, completed informed consent, documentation of the event and the patient/subject willingness to participate in the study.Data Management Responsible for collecting and auditing patient information for the research project(s). This may include abstraction of data from the patient chart (e.g., laboratory or diagnostic test results, surgical/radiation treatments delivered, adverse drug reactions, etc); abstraction of data for publications, or data collection from outside physicians offices. Audits and manages data from and into the database. Prepares forms and reports, compiles and analyses data, statistics, and other materials for reports. Conducts study visits, obtains and documents information within the time frame specified.Study Regulations - Aware of study regulatory status and keep an up to date copy of regulatory documents. Assists with the informed consent process and ensure that the patient/subject fully understands what is required of them throughout the study. Follows through regularly with the patient/subjects reminding them of visits and compliance. May monitor any outward effects or issues regarding patient/subject safety and report this to the Principal Investigator, Physician and Research Nurse.

Minimum Qualifications

To qualify you must have a Bachelor degree or equivalent in business administration, health care administration or related field.

Minimum of two years of progressively responsible project coordination experience, preferably in a research setting.

Proficiency in using various Microsoft Office applications such as Word, Excel, Access, Power Point and Outlook. Familiar with Internet applications.

Effective oral, written, communication, interpersonal skills.

Ability to interface effectively with all levels of management and must work and communicate effectively with both internal and external customers.

Ability to work within a team environment as well as independently.

Commitment to continuous learning as required by department administration.

Ability to operate research related equipment

Ability to work and make decisions independently.

Time management skills and ability to multitask.

Ability to identify, analyze and solve problems: Ability to work well under pressure.

Preferred Qualifications

Clinical Research Coordinator (CRC) Certification is preferred (required in some disciplines).Knowledge of basic medical terminology is preferred. Experience working in an Academic Medical Center Preferred

Qualified candidates must be able to effectively communicate with all levels of the organization.

NYU Grossman School of Medicine provides its staff with far more than just a place to work. Rather, we are an institution you can be proud of, an institution where you'll feel good about devoting your time and your talents.

NYU Grossman School of Medicine is an equal opportunity and affirmative action employer committed to diversity and inclusion in all aspects of recruiting and employment. All qualified individuals are encouraged to apply and will receive consideration without regard to race, color, gender, gender identity or expression, sex, sexual orientation, transgender status, gender dysphoria, national origin, age, religion, disability, military and veteran status, marital or parental status, citizenship status, genetic information or any other factor which cannot lawfully be used as a basis for an employment decision. We require applications to be completed online.

If you wish to view NYU Grossman School of Medicine's EEO policies, please click here. Please click here to view the Federal ""EEO is the law"" poster or visit https://www.dol.gov/ofccp/regs/compliance/posters/ofccpost.htm for more information.

NYU Langone Health provides a salary range to comply with the New York state Law on Salary Transparency in Job Advertisements. The salary range for the role is $62,400.00 - $69,300.00 Annually. Actual salaries depend on a variety of factors, including experience, specialty, education, and hospital need. The salary range or contractual rate listed does not include bonuses/incentive, differential pay or other forms of compensation or benefits.

To view the Pay Transparency Notice, please click here",69300
"What You Will Do

As an Account Executive at Locality, you will be at the forefront of our mission to connect brands and agencies with local audiences through the power of Local TV, spanning from streaming to broadcast. Leveraging our innovative approach that combines TV advertising with digital targeting, you will play a vital role in reaching valuable audiences adopting new forms of viewing. Join us to drive advertising revenue, build strategic relationships, and contribute to the growth and credibility of Locality in the dynamic advertising marketplace.

Proactively prospect, qualify, and grow the account list, driving advertising revenue through direct sales within your designated market. Lead negotiation processes, ensuring favorable terms for Locality while maintaining strong, long-term relationships with clients. Manage the end-to-end contract closure process. Position Locality to key agency media directors/supervisors, marketing directors/managers, and key decision makers to build strategic relationships and secure revenue growth and credibility. Manage the sales pipeline, utilizing Salesforce.com, and project sales on a monthly, quarterly, and annual basis. Meet and exceed quarterly sales quotas by selling standard media, video, mobile, programmatic, and custom advertising solutions. Collaborate with internal teams, including Marketing, Planning, Ad-Ops, Broadcast and Account Management to ensure a seamless experience for clients. Identify, understand, and communicate trends within client markets and industries. Stay up to date with Locality's product offerings and innovations. Effectively communicate the value proposition of Locality's advertising solutions and how they align with client needs and objectives. Leverage your existing network and continuously expand it within the industry. 

Who You Are

A bachelor’s degree is highly preferred but not required. 3-5+ years of experience at a digital agency and/or in digital sales, with a strong understanding of the linear advertising market. Deep understanding of the market with established client and agency relationships (Strategy teams, Investment Teams, Media Planners, Media Supervisors, etc.). Experience selling a diverse product portfolio, with specific experience in streaming, additional experience in local broadcast, display, mobile, and programmatic video advertising is a plus. Proficient in using Salesforce or similar CRM tools, and familiarity with advertising technology platforms and tools. Possess strong negotiation skills to secure favorable terms and agreements with clients. Experience selling programmatic and understanding of the programmatic landscape, as well as experience selling an OTT solution or understanding of the OTT landscape, is preferred. 

Compensation for the role includes a competitive salary of $115,000-$138,000 in addition to a lucrative commission plan (dependent on years of experience, level of education obtained, as well as applicable skillset) and an excellent benefits package (including but not limited to health care benefits, retirement benefits and paid days off).

At Locality, we believe our biggest asset is our people. We are proud to be an equal opportunity employer, hiring and developing individuals from diverse backgrounds and experiences to add to our collaborative culture. Locality values and solicits applications from all qualified candidates without regard to actual or perceived race, creed, color, religion, sex, gender, age, physical or mental disability, medical condition, sexual orientation, gender identity and/or expression, alienage or national origin, ancestry, citizenship status, marital status, military or veteran status, genetic information, or any other basis protected by federal, state or local law.",138000
"The energy of a newsroom, the pace of a trading floor, the buzz of a recent tech breakthrough; we work hard, and we work fast - while keeping up the quality and accuracy we're known for. It's what keeps us inventing and reinventing, all the time. Our culture is wide open, just like our spaces. We bring out the best in each other through collaboration. Through our countless volunteer projects, we also help network with the communities around us, too. You can do amazing work here. Work you couldn't do anywhere else. It's up to you to make it happen.

What's the role?

As a Product Owner on the Collaboration Solutions team, you will be expected to use your knowledge of Microsoft 365 to create the vision for a new employee experience that supports our collaborative, innovative culture leveraging the latest technology. To deliver this experience to our global workforce, you will collaborate with both the internal technology teams and our global stakeholders to build an incremental value roadmap that meets our short- and long-term goals. You will work within an Agile framework to build, maintain, and continuously enhance the tools needed to manage our Collaboration solutions.

We'll trust you to:

Define and own the overall M365 Collaboration roadmap, reviewing and prioritizing as requiredMaintain market knowledge to ensure Bloomberg's Collaboration Solutions services meet our employees' needs today and in the futureEnsure our employees are enabled to use the Microsoft 365 platform in the most efficient manner by providing training, collateral and supportHave a strong willingness to take over ownership and drive for results

You'll need to have:

8+ years of experience with enterprise productivity tools, collaboration tools, and end user technologyExperience configuring and managing Windows 10 desktops and laptops, focusing on the user experienceProficiency managing Microsoft Office applications including Word, Excel, PowerPoint, & OutlookStrong working knowledge of M365 applications including Microsoft TeamsAdvanced knowledge of video conference tools (Zoom, Webex, MS Teams, etc.)Strong understanding of configuring and deploying applications including GPOs, SCCM, and InTuneStrong understanding of network topologyExperience in developing requirements with stakeholders and building detailed roadmapsExperience managing a cross-functional team in a highly complex environmentStrong interpersonal skills including networking, collaboration, communication, time management, being able to adapt to different audiences, environments, and culturesEncourage strategic thinking, innovation, and actionAbility to be flexible, an outstanding teammate and ability to learn in a fast-paced environment are a must

We'd love to see:

Extensive understanding of today's cloud technology platforms including applications and storageExperience migrating from Microsoft Office to M365 on an enterprise levelExperience with Active Directory and Microsoft AzureMicrosoft M365 certificationsProduct Owner or agile/scrum certificationsNetwork security and vulnerability standard methodologiesAn innovator comfortable with the delicate balance of bold visioning, intelligent strategy, and sophisticated executionAn adaptable problem-solver who seeks to make things better, and is inspired to make bold decisions in ambiguity

Does this sound like you?

Apply if you think we're a good match. We'll get in touch to let you know that the next steps are, but in the meantime feel free to have a look at: https://www.bloomberg.com/company/what-we-do/

Bloomberg is an equal opportunity employer and we value diversity at our company. We do not discriminate on the basis of age, ancestry, color, gender identity or expression, genetic predisposition or carrier status, marital status, national or ethnic origin, race, religion or belief, sex, sexual orientation, sexual and other reproductive health decisions, parental or caring status, physical or mental disability, pregnancy or maternity/parental leave, protected veteran status, status as a victim of domestic violence, or any other classification protected by applicable law.

Bloomberg provides reasonable adjustment/accommodation to qualified individuals with disabilities. Please tell us if you require a reasonable adjustment/accommodation to apply for a job or to perform your job. Examples of reasonable adjustment/accommodation include but are not limited to making a change to the application process or work procedures, providing documents in an alternate format, using a sign language interpreter, or using specialized equipment. If you would prefer to discuss this confidentially, please email AMER_recruit@bloomberg.net (Americas), EMEA_recruit@bloomberg.net (Europe, the Middle East and Africa), or APAC_recruit@bloomberg.net (Asia-Pacific), based on the region you are submitting an application for.

Salary Range: 115,000 - 170,000 USD Annually + Benefits + Bonus

The referenced salary range is based on the Company's good faith belief at the time of posting. Actual compensation may vary based on factors such as geographic location, work experience, market conditions, education/training and skill level.

We offer one of the most comprehensive and generous benefits plans available and offer a range of total rewards that may include merit increases, incentive compensation [Exempt roles only], paid holidays, paid time off, medical, dental, vision, short and long term disability benefits, 401(k) +match, life insurance, and various wellness programs, among others. The Company does not provide benefits directly to contingent workers/contractors and interns.",170000
"Senior CX Designer (Remote)

Who We Are

Our CX Practice is seeking a Senior Designer to join our journey. We are looking for someone who helps us visualize the future of our digital experience business across Cognizant’s platform services. This position — with the rest of the group — is focused on defining and executing compelling strategy + experience design. You will play a key role in shaping transformational visions and digital concepts that strategically accelerate our clients’ business. Working across physical and digital practices, this role gives visual form to market-leading points of view around next-generation engagement. The ideal candidate is a technology optimist and designer who believes in exploring new visual languages and storytelling methods for an experience-led world.

Responsibilities

Work in an interdisciplinary team: Collaborate with Design, Technology and Strategy Leads who are passionate about the evolution of design, future of digital experiences and the potential of emerging technologies.Shape compelling narratives and contribute to design direction: Explore and evaluate a variety of design methods to tell stories using different frameworks, paradigms, and mediums. Execute final pitch narratives and associated materials.Show – don’t tell prototype, prototype, prototype, in all forms, using non–traditional methods – be experimental and iterative.Create a studio identity: Experiment, evaluate, and help establish ownable studio branding for use with both external clients and as part of internal Cognizant evangelism.Help our clients envision the use of digital to transform their businesses: Dream big, demonstrate what’s possible, get them — and us —excited about the possibilities.

Qualifications

5 years of experience working at creative agencies or similar backgroundProficiency in a wide range of design platforms across static and motion graphicsPrior experience working in interdisciplinary teamsBachelor's degree or equivalent combination of education, training, and experienceBonus: Experience working with 3D environments (Unity/Unreal)

Knowledge, Skills, And Abilities

A tool-agnostic interest in pushing design to communicate the opportunities of the near-futureThe aptitude and interest to embrace complex business challenges and translate them into elegant creative solutions, moving beyond product design or ecosystems and into designing intelligently orchestrated experiencesA love for the art of the pitch and a desire to win through shaping a compelling story that balances the creative vision with the business objectivesAn unconstrained thinker with a background in Experience DesignA self-starter, eager to chase down compelling visions and inspiring storylinesAn eye for crafting new experience paradigms and creating experience frameworks for emerging technologiesExperience with both commercial and delivery roles across the digital landscape with an emphasis on concepting / ideation and vision work

Work Authorization

Cognizant will only consider applicants for this position who are legally authorized to work in the United States without company sponsorship (H-1B, L-1B, L-1A, etc.).

Salary And Other Compensation

Applications will be accepted until 06/30/2024.

The annual salary for this position is between $100,000 – 131,000 depending on experience and other qualifications of the successful candidate.

This position is also eligible for Cognizant’s discretionary annual incentive program and stock awards, based on performance and subject to the terms of Cognizant’s applicable plans.

Benefits: Cognizant offers the following benefits for this position, subject to applicable eligibility requirements:

Medical/Dental/Vision/Life InsurancePaid holidays plus Paid Time Off401(k) plan and contributionsLong-term/Short-term DisabilityPaid Parental LeaveEmployee Stock Purchase Plan

Employee Status : Full Time Employee

Shift : Day Job

Travel : No

Job Posting : Apr 18 2024

About Cognizant

Cognizant (Nasdaq-100: CTSH) is one of the world's leading professional services companies, transforming clients' business, operating and technology models for the digital era. Our unique industry-based, consultative approach helps clients envision, build and run more innovative and efficient businesses. Headquartered in the U.S., Cognizant is ranked 185 on the Fortune 500 and is consistently listed among the most admired companies in the world. Learn how Cognizant helps clients lead with digital at www.cognizant.com or follow us @USJobsCognizant.

Applicants may be required to attend interviews in person or by video conference. In addition, candidates may be required to present their current state or government issued ID during each interview.

Cognizant is an equal opportunity employer. All qualified applicants will receive consideration for employment without regard to sex, gender identity, sexual orientation, race, color, religion, national origin, disability, protected Veteran status, age, or any other characteristic protected by law.

If you have a disability that requires a reasonable accommodation to search for a job opening or submit an application, please email CareersNA2@cognizant.com with your request and contact information.",131000
"Job Title: Substance Use Specialist

Job Summary:

CASES is currently seeking an experienced Substance Use Specialist to join its Intensive Services Unit within Pretrial Services. The Substance Use Specialist will be an active partner in providing direct services primarily in the community to participants who have co-occurring substance use disorders and have criminal legal system involvement. The Substance Use Specialist provides psychoeducation and support for clients’ substance use treatment needs, including but not limited to coordination of detox or rehab referrals, assessment of clients’ current substance use and stages of change, advocacy with service providers to ensure clients receive clinically appropriate substance use treatment.

The Intensive Services Unit initiative will implement innovative approaches to working with individuals who have been placed in the Supervised Release Program and experience more extensive needs and challenges that may impact daily functioning and program engagement. The ideal candidate for this position will work well as part of a coordinated clinical team actively assisting all team members. The group of program participants manage challenges in mental health, substance use, employment, education, and medical health. The team promotes proactive, sustained engagement in the community as a catalyst to individual transformation by bridging participants to community partners and resources eager to support our participants in realizing their greatest potential.

Salary: The salary for the Substance Use Specialist position is $62,500 per year.

Shift Hours: This position is full-time Monday - Friday.

Location Address: 4 West 125th Street New York, NY 10027.

Working environment: In-office

What you will be doing:

 Provide community-based direct services to a limited, specialized caseload of pretrial participants managing challenges in the areas of Substance Use and Behavioral Health.  After arraignment conduct Intake Assessment to identify immediate critical needs that must be addressed, to further sustain program involvement and enrollment.  Participate in regularly occurring team meetings and case conferences to ensure seamless coordination among staff, wide dissemination of participant information and rapid responses to urgent substance use.  Support and encourage efforts to incorporate a Harm Reduction framework to interactions with participants that avoids stigmatization, shaming and negative perceptions related to substance use.  Serve as the point person for Narcan kit distribution and Substance Use resources and referrals.  Conduct review of legal and court screening documentation to facilitate admission and ongoing needs assessment of criminal history, psychosocial, developmental, and behavioral health needs, supervision risks to identify engagement approach, focus for behavioral change, and needed supports to reduce re-arrest, and promote success in the community following program completion.  Facilitate effective collaboration with staff delivering court services to ensure the efficient enrollment of new participants into the program while gathering the necessary basic information for ongoing service provision.  Primarily link participants to critical resources that support their recovery and mitigate the potentially harmful impacts of the ongoing use of substances.  Utilize problem solving and motivational interviewing to help motivate and engage participants in the change process, ensuring the supervision and case management approach is culturally competent, gender-responsive, trauma-informed, and adheres to evidence-based risk-need-responsivity principles.  Provide culturally competent and anti-racist services 1) in accordance with CASES’ policies and the delivery of quality services to address the needs of youth and young adults, adults, and individuals with behavioral health needs and 2) that are responsive to the race, ethnicity, sexuality, gender, and criminal legal history of program participants.  Ensure timely , complete, and accurate documentation in the case record database including assessments, supervision schedules and progress notes in accordance with confidentiality regulations.  Participate in clinical supervision, case review, staff meetings, and in-service training to develop clinical, motivational interviewing, trauma-informed, supervision, case management, and self-care competency.  Strive to meet monthly supervision, case coordination, and outcomes goals.  Any other duties required by the Team Leader, Intensive Services Unit to support the program's overall functioning. 


What we are looking for:

 Bachelor’s degree in Social Work , Human Services, Psychology, or relevant field.  One to two years of experience in providing substance use services to individuals, families, or groups managing challenges in the areas of Behavioral Health and the Criminal Legal System.  Strong Interpersonal skills and emotional intelligence.  Ability to work effectively within a diverse team environment.  Individuals with lived experience are encouraged to apply. 


Preferred Skills :

 Active CASAC or CRPA Certificate in New York State; preferred.  Experience providing direct services in a field-based setting strongly preferred. 


Workplace Flexibility

 CASES offers a flexible work arrangement whenever possible for certain roles. We recognize that each CASES staff member is critical. We are a team strengthened by our diversity of backgrounds, perspectives, and talents and united by a common purpose.  Full-time in-person position. Limited Remote work available with supervisory approval. 


Benefits:

 Visit www.cases.org/careers/ to learn about benefits offered by the CASES, such as health insurance, retirement plan, paid time- off. 


Although we would love to learn about the skills of every candidate, only selected candidates that are selected will receive a response. We encourage you to apply for any position(s) you feel you are qualified for. 

CASES is proud to be an Equal Opportunity Employer. Employment with CASES is based solely on qualifications and competence for a particular position without regard to race, color, ethnic or national origin, age, religion, creed, gender, sexual orientation, disability, or marital, military, or citizenship status. We also actively recruit individuals with prior involvement in the criminal legal syste m.",
"Blackstone is the world’s largest alternative asset manager. We seek to create positive economic impact and long-term value for our investors, the companies we invest in, and the communities in which we work. We do this by using extraordinary people and flexible capital to help companies solve problems. Our $1 trillion in assets under management include investment vehicles focused on private equity, real estate, public debt and equity, infrastructure, life sciences, growth equity, opportunistic, non-investment grade credit, real assets and secondary funds, all on a global basis. Further information is available at www.blackstone.com. Follow @blackstone on LinkedIn, Twitter, and Instagram.

Business Unit Overview: 

Blackstone is a global leader in real estate investing. Blackstone’s real estate business was founded in 1991 and has US $332 billion of investor capital under management. Blackstone is the largest owner of commercial real estate globally, owning and operating assets across every major geography and sector, including logistics, residential, office, hospitality and retail. Our opportunistic funds seek to acquire undermanaged, well-located assets across the world. Blackstone’s Core+ business invests in substantially stabilized real estate assets globally, through both institutional strategies and strategies tailored for income-focused individual investors including Blackstone Real Estate Income Trust, Inc. (BREIT), a U.S. non-listed REIT, and Blackstone’s European yield-oriented strategy. Blackstone Real Estate also operates one of the leading global real estate debt businesses, providing comprehensive financing solutions across the capital structure and risk spectrum, including management of Blackstone Mortgage Trust (NYSE: BXMT).

Job Title:

Sr. Associate

Job Description: 

This professional will join Blackstone Real Estate’s Portfolio Management team in New York. The Senior

Associate will be responsible for the distillation of strategic portfolio insights and the support and execution of workstreams across the Insights focus area within in the Portfolio Management team within Blackstone Real Estate. This work will involve the tracking, consolidation, reporting and distillation / presentation of information and insights across all real estate sectors and strategies globally. This professional will work closely with Blackstone Real Estate’s senior management team as well as asset management, finance, investor relations, data science, public affairs and portfolio companies to deliver compelling analysis and analytics to support the business. This professional will employ a range of skill sets, with primary areas of responsibility including:

Responsibilities:

Investment and Economic Knowledge. Proficiency in and understanding of real estate investment (including sector-level knowledge of key metrics), economic concepts and data analysis as well as Blackstone Real Estate’s global funds and investmentsPortfolio and Research Insights: Source, summarize, present and disseminate real-time information from the global portfolio, real estate market, macroeconomic environment and capital markets; work in partnership with regional Portfolio Management counterparts in Europe and Asia, the Portfolio Management and Asset Management teams in the U.S. and broader Blackstone groups, such as Public Affairs, Marketing, Finance, etc. Special Projects: Participation in and execution of global special projects relating to investment considerations, fundamental real estate trends, portfolio information and strategy / positioning of the Real Estate business

Qualifications: 

Blackstone seeks to hire individuals who are highly motivated, and have demonstrated excellence in prior endeavors. In addition to strong analytical and quantitative skills, the successful candidate should have:

 5+ years of professional experience in a real estate-related role Prior work experience in real estate private equity, investor relations, consulting, finance and / or

accounting is preferred

 Experience training and mentoring talent The ability to multi-task and execute a wide range of assignments, often under pressure to meet

demanding deadlines

 Strong proficiency in PowerPoint, Word and Excel with the ability to write effectively and produce

concise, visually appealing presentations

 Superior attention to detail, resourcefulness and ability to work autonomously Excellent communication skills Candidate should be enthusiastic, collaborative and someone who thrives on challenge in a fast-paced, dynamic environment Strong work ethic, an entrepreneurial spirit, and a desire to learn The highest degree of integrity, motivation, and intellectual curiosity

The duties and responsibilities described here are not exhaustive and additional assignments, duties, or responsibilities may be required of this position. Assignments, duties, and responsibilities may be changed at any time, with or without notice, by Blackstone in its sole discretion.

Expected annual base salary range:

$107,000 - $185,000

Actual base salary within that range will be determined by several components including but not limited to the individual's experience, skills, qualifications and job location. For roles located outside of the US, please disregard the posted salary bands as these roles will follow a separate compensation process based on local market comparables.

Additional compensation: Base salary does not include other forms of compensation or benefits offered in connection with the advertised role.

Blackstone is committed to providing equal employment opportunities to all employees and applicants for employment without regard to race, color, creed, religion, sex, pregnancy, national origin, ancestry, citizenship status, age, marital or partnership status, sexual orientation, gender identity or expression, disability, genetic predisposition, veteran or military status, status as a victim of domestic violence, a sex offense or stalking, or any other class or status in accordance with applicable federal, state and local laws. This policy applies to all terms and conditions of employment, including but not limited to hiring, placement, promotion, termination, transfer, leave of absence, compensation, and training. All Blackstone employees, including but not limited to recruiting personnel and hiring managers, are required to abide by this policy.

If you need a reasonable accommodation to complete your application, please email Human Resources at HR-Recruiting-Americas@Blackstone.com.

Depending on the position, you may be required to obtain certain securities licenses if you are in a client facing role and/or if you are engaged in the following:

Attending client meetings where you are discussing Blackstone products and/or and client questions; Marketing Blackstone funds to new or existing clients; Supervising or training securities licensed employees; Structuring or creating Blackstone funds/products; andAdvising on marketing plans prepared by a sales team or developing and/or contributing information for marketing materials. 

Note: The above list is not the exhaustive list of activities requiring securities licenses and there may be roles that require review on a case-by-case basis. Please speak with your Blackstone Recruiting contact with any questions.

To submit your application please complete the form below. Fields marked with a red asterisk * must be completed to be considered for employment (although some can be answered ""prefer not to say""). Failure to provide this information may compromise the follow-up of your application. When you have finished click Submit at the bottom of this form.",185000
"This position will play a significant role in evaluating and pricing new reinsurance transactions in our fast growing individual life and longevity division. Specifically, you will be responsible for evaluating reinsurance opportunities, collaborating internally and externally to establish new partnerships, and helping manage a growing book of multi-line business;

This position requires substantial technical expertise and developing knowledge of individual life insurance and annuities.

Your Job

Transaction Pricing - work closely with marketing actuaries and head of pricing to evaluate reinsurance opportunities which may include traditional reinsurance, pension risk transfer, merger & acquisition, inforce block transactions, insurtech partnerships, and product development. Specific tasks performed may include:

Evaluating RFP material, product information, underwriting processes to establish assumptions and models for reinsurance pricing;Collaborating with other teams such as biometrics, analytics, and underwriting to achieve a deep understanding of key biometric risks;Presenting pricing results to key stakeholders including marketing actuary, head of pricing, risk management, and senior management to receive support for transactions;In certain transactions, the pricing actuary is also responsible for working with Munich Re’s global functions to establish appropriate off-shore reinsurance solutions;


Business Management

Pricing process improvements thru the continual refinement of tools and templates used in the support of new business pricing;Monitor profitability and business performance to create feedback loop for future pricing;


Special Projects

Support business development activities in preparing material to demonstrate Munich Re’s leading edge expertise in various topics and partnerships;Lead the pricing and analysis in more technical and complicated projects, ex. mortality table and improvement development, client value prop development;


Your Profile

Bachelor’s degree in Finance, Economics, Risk Management, Mathematics, Accounting7-10 years Actuarial employment in the life insurance/reinsurance industryFSA designationPricing and product development experience preferredExperience working with a modeling software and interpreting resultsExcellent communication and presentation skills Ability to conceptualize and implement business solutions regarding actuarial issuesTechnical proficiency – with the ability and interest to learn new skills and successfully transfer existing skills to others in the group. 


Our Benefits

Comprehensive Medical PlansPTO and Family LeaveRetirement Savings PlansDental and Vision PlansLife and Disability insuranceEmployee Assistance ProgramAdoption AssistanceWellness Programs - Calm, WW, SoFI, Virgin PulseCommuter BenefitsFSA and HSA PlansHospital Indemnity, Critical Illness and Accident Plans


At Munich Re US, we see Diversity and Inclusion as a solution to the challenges and opportunities all around us. Our goal is to foster an inclusive culture and build a workforce that reflects the customers we serve and the communities in which we live and work. We strive to provide a workplace where all of our colleagues feel respected, valued and empowered to achieve their very best every day. We recruit and develop talent with a focus on providing our customers the most innovative products and services. We are an equal opportunity employer. Reasonable accommodations may be made to enable individuals with disabilities to perform the essential functions.

About Munich Re

Together, we engage with everything we have and are, to help humankind act braver and better.

As the world’s leading reinsurance company with more than 40,000 employees in over 50 locations around the globe, Munich Re introduces a paradigm shift in the way you think about insurance. By turning uncertainty into manageable risk, we enable fundamental change. We recognize Diversity, Inclusion, and Belonging as a key priority with a culture that welcomes different thoughts and opinions. We dare to think big and are continuously innovating on behalf of our clients.

For New York City based employees, the base salary range anticipated for this position is $176,532 to $246,585, plus an opportunity for an annual company bonus based upon a percentage of eligible pay.

The salary estimate displayed represents the typical salary range for candidates hired in this position. Factors that may be used to determine your actual salary include your specific skills, how many years of experience you have and comparison to other employees already in this role.

Please note that only candidates who are selected for interview will be contacted directly. We thank all candidates for their interest.",246585
"ASSISTANT TO INVESTMENT TEAM AT BOUTIQUE HEDGE FUNDBase Salary is $100K to $140K (based upon candidate and experience) Company will pay!100% Paid Benefits; Four (4) Weeks’ Vacation; and Bonus drivenHours – Mon to Fri; 7:45 am to 5 pm (flexibility required)
This is a place to call home. Very motivated office to perform to the highest standards. They offer a very professional and supportive environment. 
Many positions are available as the fund is growing. Support a team of Analysts! Hybrid work schedule w/flexibility.
Dynamic intellectual environment! Creative backgrounds – please apply! Finance background and/or Trading Desk is a plus, but not necessary.
One of the most respected names in the business built a boutique firm with impeccable standards and is looking to offer a candidate with a home. Fantastic firm that believes everyone plays a part it its success. This is a huge package. YOU WILL BE APPRECIATED FOR YOUR SKILLS, KNOWLEDGE, WORK, AND IDEAS.
If you feel stuck at your current employer with zero input, then this could be a great opportunity. You must feel comfortable in a supportive role; however, not all supportive roles are created equal.
This firm really appreciates their employees. Due to very low turnover, this is a rare opportunity to support team of the industries’ top Analysts. 
Hybrid with Four (4) Days in the Office; and One (1) Day Remote.
REQUIREMENTS AND SKILLSBachelor’s degree requiredThree Plus (3+) years of full-time Assistant experience in a Professional Office Environment; financial services experienced is preferred, but not requiredStrong MS Office Suite Skills required (especially Outlook and Excel)Keen attention to detail and accuracy; Strong sense of urgency; and Very strong organizational skillsExcellent verbal and written communication skills; and Proactive work ethic
RESPONSIBILITIES AND DUTIESmanage a high volume of complex calendaring with sense of urgency and discretionwith corporate management teams, brokers, and expert network providers to coordinate corporate access, sell-side analyst interactions, and industry expert eventseffectively and form strong partnerships with the Administrative Team and Trading Deskseasonal earnings processescomprehensive project managementand execute ideas to enhance current systems and processesconference travelmonthly expensesad hoc projects",140000
"Recruitment & Talent Acquisition Coordinator
We are recruiting for a Recruitment Coordinator to join our client's Talent team. This role will engage directly with recruiters, candidates, hiring managers, and interviewers in coordinating and scheduling all phases of the recruitment process. 
In this role, you will organize recruiting events, activities, and be expected to be heavily involved in coordinating the company's internship programs. Ideal candidates are versatile, have excellent communication skills, a strong work ethic and a positive attitude. 
Job Responsibilities:Support all aspects of the campus talent acquisition program Post job descriptions on campus career websites and diversity partnerships job boards Help in organizing, executing, and staffing campus recruitment events (including on-campus, virtual, and in-office engagements), effectively represent the company at these local eventsPlan & execute on campus events including material preparation, catering, facilities, advertising and moreExecution of intern program, including training, performance management, networking sessions, manager and mentor engagement.Track, prepare and process candidate administrative needs.Enter and maintain data integrity in all applicable databases and excel trackers with uncompromising attention to detail.
Qualifications:4-year college degree or equivalent knowledge & experience preferred.Strong interpersonal skills and ability to articulate ideas.Ability to clearly communicate with colleagues, candidates, and external partners.Superb organizational skills and attention to detail.Demonstration of a high level of integrity and professionalism.",60000
"Overview

Baker Tilly US, LLP (Baker Tilly) is a leading advisory CPA firm, providing clients with a genuine coast-to-coast and global advantage in major regions of the U.S. and in many of the world’s leading financial centers - New York, London, San Francisco, Los Angeles and Chicago. Baker Tilly is an independent member of Baker Tilly International, a worldwide network of independent accounting and business advisory firms in 145 territories, with 41,000 professionals and a combined worldwide revenue of $4.7 billion.

 

Please discuss the work location status with your Baker Tilly talent acquisition professional to understand the requirements for an opportunity you are exploring.

Baker Tilly is an equal opportunity/affirmative action employer. All qualified applicants will receive consideration for employment without regard to race, color, religion, sex, national origin, disability or protected veteran status, gender identity, sexual orientation, or any other legally protected basis, in accordance with applicable federal, state or local law.

Any unsolicited resumes submitted through our website or to Baker Tilly US, LLP, employee e-mail accounts are considered property of Baker Tilly US, LLP, and are not subject to payment of agency fees. In order to be an authorized recruitment agency (""search firm"") for Baker Tilly US, LLP, there must be a formal written agreement in place and the agency must be invited, by Baker Tilly's Talent Attraction team, to submit candidates for review via our applicant tracking system.

Responsibilities

Are you interested in joining one of the fastest growing public accounting firms?

Would you like the ability to focus on one industry sector and further become an expert for your clients?

If yes, consider joining Baker Tilly (BT) as an Audit Manager for our Asset Management team! This is a great opportunity to be a valued business advisor delivering industry-focused audit and other assurance services to middle market clients. You will work side-by-side with firm leadership to serve clients and build the business, having a direct impact on the firm’s success. Additionally, you will be a mentor and coach to a group of talented staff, utilizing your expertise to help develop their technical and professional skills. If you are invigorated by these exciting challenges, then this could be the right opportunity for you! As one of the fastest growing firms in the nation, BT has the ability to offer you upward career trajectory, flexibility in how and where you get your work done and meaningful relationships with clients, teammates and leadership who truly care about you and your development.

You Will Enjoy This Role If

You are looking for an opportunity to build your career in a specific industry, becoming an industry expert to the clients you serveYou can see yourself as a trusted business advisor, working face-to-face with clients to find creative solutions to complex accounting and business challengesYou want to work for a leading CPA advisory firm that serves middle market clients and whose owners have both their clients’ and employees’ best interests in mind and are transparent in their decisions You value your development and want to work for a firm that provides you the autonomy to own your schedule and career through structured programs (ask us about My Time Off, My Development and Dress for Your Day!)You want to contribute to your engagement team’s professional growth and develop your own leadership skills to build a career with endless opportunities now, for tomorrow

What You Will Do

Be a trusted member of the engagement team providing various assurance and consulting services to industry specific clients, positively impacting their financial statements, profitability, and business operations through:Proactively engaging with your clients throughout the year to understand business goals and challengesImplementing appropriate testing to assess deficiencies of internal controls and make recommendations for improvementManaging all fieldwork to ensure quality service and timely delivery of resultsPlaying an active role in providing valuable financial statement guidance and business recommendations based upon various testing performed and information gatheredDelivering business insight through thoughtful review, analysis, and discussionAssist with managing client engagement staffing, billings/collections, and ensure client profitability targets are metUtilize your entrepreneurial skills to network and build strong relationships internally and externally with clients and the communityInvest in your professional development individually and through participation in firm wide learning and development programsSupport the growth and development of team members through the Baker Tilly Care and Teach philosophy, helping associates meet their professional goals
Qualifications

Bachelor's degree in accounting required, Masters or advanced degree desiredCPA requiredFive (5)+ years’ experience providing financial statement auditing services in a professional services firm desiredTwo (2)+ years’ of supervisory experience, mentoring and counseling associates desiredDemonstrated management, analytical, organization, interpersonal, project management, communication skillsAbility to lead and supervise others, provide exceptional client service, demonstrate commitment to continuous learning in order to stay current regarding applicable strategies, see the ""big picture"" as well as the details, display appropriate ethical knowledge and commitment, and exhibit a sense of urgency and commitment to quality and the timely completion of projects.Highly developed software and Microsoft Suite skillsEligibility to work in the U.S. without sponsorship preferred

Additional Information

For California, Colorado, New York and Washington, the compensation range for this role is $86,220 to $182,770. Actual compensation is influenced by a variety of factors including but not limited to skills, experience, qualifications, and geographic location.",182770
"Order.co is on a mission to simplify buying for businesses. We believe that it’s not just about what you buy, but how you buy it and how you pay for it . Today’s purchase to pay process is riddled with complexity and missed opportunities for leverage. Our goal is to highlight that leverage through the use of our platform.

Order.co is a procurement and spend management software that eliminates manual purchasing and payment tasks and gives your team one place to purchase, approve, track and pay for all the physical goods your business needs. With customizable budgets and reporting, operations and finance teams can take back control over the buying process and start saving time, saving money, and gaining clarity into how they buy.

Founded in 2016 and headquartered in New York City, Order.co oversees nearly half a billion dollars in annualized spend across hundreds of customers like WeWork, SoulCycle, and Lume. Order has raised $50M in funding from industry-leading investors like MIT, Stage 2 Capital, Rally Ventures, 645 Ventures, and more. Order.co has been proudly named as a Top 50 Companies to Watch by Spend Matters and a Best Place to Work by BuiltIn.

Job Description

What does this role look like?Driving key AE outcomes, including quota attainment (on target or above) by identifying pain points and tying them back to our offering in this highly consultative but shorter deal cycle (45-60 days)Building a new business pipeline by working demand from your own personalized prospecting efforts, Marketing and SDRs through the typical methods (cold calls, emails, and social) to target prospects within our ideal customer profile. Your own prospecting efforts are crucial to being successful in this role.Use your curiosity and critical thinking skills to become an expert on our product, the problem we solve, and the personas we targetEnjoying a sale that focuses on either a process change or a platform change, depending on the prospect. Our most successful Account Executives are educational and able to challenge prospects about what they are doing today vs what they could be doing with Order.co. The goal is to quickly become a trusted advisor and leverage it appropriately.

Qualifications

NY-based candidates are strongly preferred2+ years of experience in a closing role, managing your own pipeline in a startup environment using systems like Outreach, Gong and Salesforce.Nice to have: Experience working in the P2P or Fintech spaceExperience with prospecting and closing new business (this role is supported by SDRs and Marketing, but the hustle will be what makes you successful!)You believe in over achievement as the minimum - 100% is doing your job, 110%+ is where the real fun startsStrong written and verbal communication skills to drive deals forwardProven track record of exceeding goals and building pipelineTeam player that can work independently as well. We are a small AE team that works well together and values each other’s ideas. We regularly support one another to ensure the success of the team and our customers.

Additional Information

What You’ll ReceiveA competitive compensation package including base and uncapped variable components as well as stock optionsThe opportunity to grow quickly within the Sales organizationThe industry’s top sales tools such as Salesforce, Outreach, Gong.io, ZoomInfo, LinkedIn, and more!Employer-sponsored 401(k) plus employer matchA deep knowledge and understanding of selling a SaaS B2B product in the purchasing and payment spaceThe opportunity to grow and perform in a fast-paced environment alongside a stellar teamFlexible time off and remote work policiesRobust medical, dental, vision, and wellness benefitsGenerous leave policies and support for new and current parentsThe anticipated compensation for this role is $160,000-$180,000 OTE. Actual compensation and title will be commensurate with experience, qualifications, knowledge, and skills.Order.co is an equal opportunity employer. Applicant's qualifications are considered without regard to race, color, religion, sex (including pregnancy, gender identity, and sexual orientation), national origin, age, disability, veteran status, genetic information, or any other basis prohibited by law.







#BI-Remote

.",180000
"Summary Of Position

Manage portfolio of developed and scheduled reports for Claims, FRU, G&A, Provider and UM Data.Interface with internal operations / external departmental customers to define requirements of analyses and reports.Transform requirements into actionable, high-quality deliverables.Perform periodic and ad-hoc operations data analysis to measure performance and conduct root cause analysis for Claims, FRU, G&A, Provider and UM data.Compile, analyze and provide reporting that identifies and defines actionable information or recommends possible solutions for corrective actions.Partner with other Operations areas as needed to provide technical and other support in the development, delivery, maintenance, and enhancement of analytical reports and analyses.Collaborate with Operations Tower Leaders in identifying and recommending operational performance metrics; map metrics against targets and the company’s operational plans and tactical/strategic goals to ensure alignment and focus.Serve as a liaison with peers in other departments to ensure data integrity.Code and schedule reports using customer business requirements from Claims, FRU, G&A, Provider and UM data.

Principal Accountabilities

Conduct operational data analyses to identify root causes; develop actionable information (recommendations, conclusions, and possible solutions); produce reports to evaluate operational efficiencies and effectiveness.Prepare dashboards and other management reports, soliciting information from business teams and serve as liaison for their submissions; ensure quality control; provide oversight to staff when necessary.Identify and collect internal historical data; research and collect external benchmark data; devise more efficient and accurate approaches to vet and prepare metric reports; use sound reasoning and judgment for identifying and applying appropriate analytical approach.Recommend and implement accuracy, efficiency, and productivity enhancements.Maintain documentation library to promote efficient knowledge transfer of data collection strategies and data quality protocols.Work with other areas as needed to ensure recommended solutions meet business requirements.Manage multiple, simultaneous team-based projects along with other individually assigned projects.Provide support in developing & expanding the scope of dashboards and other management reports for distribution to middle and upper management; organize and maintain report methodology documentation.Communicate and collaborate with internal and external stakeholders as needed to support overall EmblemHealth objectives.Perform other related tasks/projects as directed or required.

Education, Training, Licenses, Certifications

Bachelor’s Degree in Business, Data Management, or other related quantitative analysis field of study required

Relevant Work Experience, Knowledge, Skills, And Abilities

4 – 6+ years of relevant work experience including Data Analysis and reporting requiredBusiness Intelligence Experience – Cognos or Tableau; proficiency with SAS requiredProject management experience preferredProficient with MS Office (Word, Excel, Access, PowerPoint, Outlook, Teams, etc.) requiredExperience working with large volumes of data requiredEnergy, drive and passion for End-to-End excellence and customer experience improvement requiredExcellent collaborative skills and the ability to influence management decisions requiredStrong problem solving and analytical skills that be applied across all types of business problems requiredStrong communication skills (verbal, written, presentation, interpersonal, facilitation) with all audiences required

Additional Information

Requisition ID: 1000001321Hiring Range: $63,000-$110,000",110000
"Position Overview

Job Title Business Intelligence Unit

Corporate Title Assistant Vice President

Location New York, NY

Overview

Deutsche Bank benefits from having a highly experienced and dedicated Anti Financial Crime (AFC) function, which performs a crucial role in keeping Deutsche Bank’s business operations and global financial services clean from financial crime while serving the interests of the Bank and society. Our regional/global matrix structure allows for flexible responses to challenges in the core areas of: Anti-Money Laundering, Sanctions & Embargoes, Anti-Fraud, Bribery & Corruption, Investigations & Intelligence, Monitoring & Screening, and Risk Assessment.

Our AFC Team will provide you with opportunities to learn, grow and define your career. We foster an open, diverse, and inclusive team culture, that is engaged and well-supported for prosperity and enjoyment of a life/work balance.

What We Offer You

A diverse and inclusive environment that embraces change, innovation, and collaborationA hybrid working model, allowing for in-office / work from home flexibility, generous vacation, personal and volunteer daysEmployee Resource Groups support an inclusive workplace for everyone and promote community engagementCompetitive compensation packages including health and wellbeing benefits, retirement savings plans, parental leave, and family building benefitsEducational resources, matching gift, and volunteer programs


What You’ll Do

Support Regional Head of Business Intelligence Unit Americas by providing timely and accurate reporting and advice, including Enhanced Due Diligence (EDD), specific sectoral reviews and ad hoc macro-economic trend analysisAct as key point of accountability for research into reputational risk, including criminal, political and security risks, associated with the Bank's dealings in Americas regionIdentify, establish, and maintain a database of accessible and reliable Business Intelligence resourcesProvide administrative and linguistic support to Regional Head of BIU Discharge all associated administrative Business Intelligence functionsProduce demonstrably well-researched reports, including clear indications of sources used by means of detailed attribution. Provide comprehensive review of local language sources by continual assessment, evaluation of new sourcesAct, where appropriate, as a point of contact and Subject Matter Expert to Anti-Money Laundering compliance and the Business on high-risk sensitive clients, assisting in the provision of periodic Management Information as required for Americas region


Skills You’ll Need

Strong regional expertise and focus, preferably with professional experience in relevant regions (Americas) together with language skills (Fluency in Spanish and/or Portuguese essential)Familiar with a wide range of external data sources and third-party systems to be covered as a part of the due diligence processA sound understanding of key regional political and socio-economic issues. Relevant regional expertise within Latin AmericaExperience in a business intelligence consultancy or in a similar role within another financial institutionExcellent analytical skills including the ability to analyse information contained within public sources


Skills That Will Help You Excel

Have significant report writing experience with the ability to make complex arguments in an understandable and clear way. Ability to present and defend findings of research verbally to multiple stakeholdersShould possess effective organizational and communication skills (both oral and written)Robust, credible, and organizationally/politically savvy, with an ability to grasp complex issues quicklyRecognizing the need to drive long-term success of the service the person will need to possess a ‘can do attitude’ and exemplary communication skillsAble to work independently and interact with Senior Management


Expectations

It is the Bank’s expectation that employees hired into this role will work in the New York office in accordance with the Bank’s hybrid working model.

Deutsche Bank provides reasonable accommodations to candidates and employees with a substantiated need based on disability and/or religion.

The salary range for this position in New York City is $100,000 to $142,250. Actual salaries may be based on a number of factors including, but not limited to, a candidate’s skill set, experience, education, work location and other qualifications. Posted salary ranges do not include incentive compensation or any other type of remuneration.

Deutsche Bank Values & Diversity

We believe talent is found in all cultures, countries, races, ethnicities, genders, sexual orientations, disabilities, beliefs, generations, backgrounds, and experiences. We pursue a working environment where everyone can be authentic and feel a sense of belonging. Click here to find out more about our diversity and inclusion efforts.

We are an Equal Opportunity Employer - Veterans/Disabled and other protected categories.

Click these links to view the following notices: EEO is the Law poster and supplement ; Employee Rights and Responsibilities under the Family and Medical Leave Act ; Employee Polygraph Protection Act and Pay Transparency Nondiscrimination Provision

Learn more about your life at Deutsche Bank through the eyes of our current employees: https://careers.db.com/life

The California Consumer Privacy Act outlines how companies can use personal information. If you are interested in receiving a copy of Deutsche Bank’s California Privacy Notice, please email HR.Direct@DB.com .

Deutsche Bank Benefits

At Deutsche Bank, we recognize that our benefit programs have a profound impact on our colleagues. That’s why we are focused on providing benefits and perks that enable our colleagues to live authentically and be their whole selves, at every stage of life. We provide access to physical, emotional, and financial wellness benefits that allow our colleagues to stay financially secure and strike balance between work and home. Click here to learn more!

Our values define the working environment we strive to create – diverse, supportive and welcoming of different views. We embrace a culture reflecting a variety of perspectives, insights and backgrounds to drive innovation. We build talented and diverse teams to drive business results and encourage our people to develop to their full potential. Talk to us about flexible work arrangements and other initiatives we offer.

We promote good working relationships and encourage high standards of conduct and work performance. We welcome applications from talented people from all cultures, countries, races, genders, sexual orientations, disabilities, beliefs and generations and are committed to providing a working environment free from harassment, discrimination and retaliation.

Visit Inside Deutsche Bank to discover more about the culture of Deutsche Bank including Diversity, Equity & Inclusion, Leadership, Learning, Future of Work and more besides.

We are an Equal Opportunity Employer - Veterans/Disabled and other protected categories. Click these links to view the following notices: ""EEO is the Law poster"" and supplement ; Employee Rights and Responsibilities under the Family and Medical Leave Act ; Employee Polygraph Protection Act and Pay Transparency Nondiscrimination Provision .

",142250
"Overview

The Company:

Hearts & Science has been inspired by confident marketers seeking business advantage in a world of personalized digital marketing, where CRM and addressable channels converge, and decisions must be made in real time to aggregate effective reach and deliver the right message at the right time.

Designed to inform brand strategies with real-time insights, Hearts & Science is a data-driven marketing agency with expert media planning and buying capabilities, among other services that include shopper marketing, marketing innovation and content activation.

Senior Associate, Digital 

As a Senior Associate you will play a key role as a day-to-day support for development and execution of digital media plans. Ensuring that pacing, performance and the Digital Activation Process is activated correctly across the area of responsibility is the primary focus of this job. To be successful in this role, be ready to “roll up your sleeves” to get the job done. Our ideal candidate has experience working across several media channels and a curiosity in emerging media platforms.

Qualifications

1+ years of experience and expert knowledge of digital buying, hands-on experience using demand-side platforms a plus (The Trade Desk, DV360 or similar)Experience working with large data sets and understanding of methodologies for evaluating data Ability to self-manage, juggle multiple priorities, and pay strong attention to details Excellent written and verbal communication skills Proven ability to work with and influence cross-functional teams Strong Microsoft Excel skills and ability to coach others on shortcutsWorking knowledge of third-party verification tools including DoubleVerify Hands-on experience with campaign workflow tools including Prisma 


Responsibilities

Ensuring the implementation of the Digital Activation Process across programmatic buying Building campaigns and deploy best practices across the campaigns Participating in daily and weekly client communications Working side-by-side with broader Activation team to ensure tight coordination of campaign setup, adjustments and performance is efficient and effective Working with Strategy team to understand goals, address client needs, and communicate results and insights back to clients Owning the campaign creation process Implementing Business Intelligence tools and new capabilities (e.g., new supply & data sources, new media measurement techniques, etc.)


Compensation Range: $40,000 - $65,000. This is the pay range the Company believes it will pay for this position at the time of this posting. Consistent with applicable law, compensation will be determined based on relevant experience, other job-related qualifications/skills, and geographic location (to account for comparative cost of living). The Company reserves the right to modify this pay range at any time. For this role, Benefits include: health/vision/dental insurance, 401(k), Healthcare Flexible Spending Account, Dependence Care Flexible Spending Account, vacation, sick, personal days, paid parental leave, and paid medical leave, STD/LTD insurance benefits.

Hearts & Science is An Equal Opportunity/Affirmative Action Employer. All qualified applicants will receive consideration for employment without regard to race, color, religion, sex, sexual orientation, gender identity, national origin, disability or veteran status, age or any other federally protected class.",65000
"About Us

KnitWell Group, a specialty retail operating company, comprises some of the most iconic brands in America – Ann Taylor, LOFT, Lane Bryant, and Talbots. Individually, our brands are unique and strong. Together, we are powerful.

Our common thread is our commitment to create exceptional products, provide memorable experiences, and achieve superior results. Our associates are innovators who thrive through collaboration and are dedicated to excellence. At the heart of it all are the customers we serve. We are dedicated to creating fashion that not only looks good but also makes our customers feel good.

Merchandise Planner (dresses/skirts)

About The Role

The Merchandise Planner builds financial sales, gross margin and inventory plans for multiple departments in a given area. Manages and plans merchandise inventory positions and markdown strategies to drive departmental sales, inventory, profit and turnover objectives. Provides in-season financial projections and strategies. Identifies risks and opportunities to maximize profits. Drives and/or contributes to projects resulting in improved departmental systems and efficiencies.

The impact you can have

 Build financial sales, gross margin and inventory plans at a weekly level on a seasonal basisReforecast business in-season based on current performance, present revised projections and recommendations to cross functional partners and senior leadershipDevelop, consolidate and communicate a comprehensive pre-season planning strategy that identifies opportunities and risks in all areas of responsibilityAnalyze:Promotional effectiveness and make future recommendationsPerformance in season and make markdown or chase recommendationsIdentify and communicate potential inventory liabilities and drive appropriate actions to resolutionPartner with cross-functional teams to communicate division level financial merchandising plans and merchandise strategies to support the financial objectivesParticipate in:All aspects of line building process with Merchandising Lead or participate in department projects to improve systems or efficienciesDevelopment of processes that build efficiencies and streamline work streams
You’ll bring to the role

 BA or equivalent, and 3-5 years of retail buying, planning or financial analysis experienceResults driven; strategic, conceptual and innovative thinkerExpert command of retail math concepts, applications and statistical analysisDetail-oriented, with excellent follow-through skillsStrong analytical, verbal and written communication skillsAbility to work productively in a team environmentProficient in Microsoft Office applications – expert level in Excel

Benefits

Merchandise discount at our brands: 50% off regular-priced merchandise at Ann Taylor, LOFT, & Lane Bryant (in store and online) Support for your individual development plus career mobility within our family of brands A culture of giving back – local volunteer opportunities, annual donation and volunteer match to eligible nonprofit organizations, and philanthropic activities to support our communities* Medical, dental, vision insurance & 401(K)* Employee Assistance Program (EAP)Time off – paid time off & holidays*The target salary range for this role is: $85,000 – 95,000Any job offer will consider factors such your qualifications, relevant experience, and skills. Eligibility of certain benefits and associate programs are subject to employment type and role.

Applicants to this position must be authorized to work for any employer in the US without sponsorship. We are not providing sponsorship for this position.

This position works in a hybrid model, with three days per week worked in the Times Square Tower office location and two days per week worked remotely.

Location:

Times Square Tower-ANN-New York, NY 10036

Position Type

Regular/Full time

Equal Employment Opportunity

The Company is committed to hiring and developing the most qualified people at all levels. It is our policy in all personnel actions to ensure that all associates and potential associates are evaluated on the basis of qualifications and ability without regard to sex (including pregnancy), race, color, national origin, religion, age, disability that can reasonably be accommodated without undue hardship, genetic information, military status, sexual orientation, gender identity, or any other protected classification under federal, state, or local law. We do not discriminate in any of our employment policies and practices. All associates are expected to follow these principles in all relationships with other associates, applicants, or others with whom we do business.

",95000
"Customer Success Managers (CSMs) connect our most strategic clients to LSEG’s portfolio of software & desktop solutions. This specialist plays a key role in ensuring our customers discover the full power of LSEG by implementing workflow solutions while continuously providing scalable yet adaptable guidance.

The Specialist will own a portfolio (Workspace) across a number of Investment Banking (Capital Markets, Advisory & Sell Side Research, etc.) accounts. In a role that is comprised of relationship management, education and deep functional expertise, CSMs will manage successful adoption and expansion of our services within assigned accounts. Equal parts trusted advisor and roadmap architect, the CSM designs and implements activities with key decision makers, assists in reducing risk of competition and finds opportunities in accounts. By redesigning our client’s business through user adoption of our suite of solutions, the CSM crafts the conditions for optimal renewal and upsell growth.

Role Responsibilities

 Clearly define business outcomes and create a comprehensive success plan to include customer objectives, partners, achievements, risks and metrics needed to achieve them. Demonstrate and educate new customers on content and technology in a manner that is tailored to their specific use-case. Monitor usage data, health gauges and growth opportunities in order to build relevant insights and strategically pivot when necessary. Prompt Refinitiv business development partners (Solution sales, proposition sales, solution consultant) when new business opportunities (upsell or cross-sell) are generated through adoption engagements. Ensure customers derive maximum value from their investment, utilize all licenses and collaborate with other Refinitiv partner teams to ensure retention and growth. Build, maintain and demonstrate positive relationships with business decision makers and users within each account to influence adoption

Your Success: A CSMs success will be measured by:

 Breadth & depth of customer relationships Issue and risk mitigation management Contributions to role and process improvement Portfolio attrition Adoption

What You Bring

Industry Knowledge: Familiarity with the Investment Banking sector

Customer-Centric Approach: Your ability to understand a customer’s unique business processes and map them to our product capabilities is essential. We value empathy and adaptability in our team members.

Collaboration: You’ll work closely with internal operational and account management teams. We appreciate team players who thrive in a collaborative environment.

Effective Communication: Experience facilitating customer meetings and addressing all levels of audiences. We encourage concise, inspirational, and convincing communication.

Project Management and Problem-Solving: Strong project management skills are crucial. We value creative problem solvers who can navigate complex challenges.

Self-Starter Mentality: We appreciate proactive individuals who take initiative and drive results independently.

Desire to Learn: Curiosity and a growth mindset are highly valued. We believe in continuous learning and development.

Flexibility: The role may require occasional travel to client sites.

Why Join Us?

Inclusive Culture: We celebrate diversity and believe that diverse perspectives lead to better solutions.Learning Opportunities: We offer formal training, and encourage skill development.Impactful Work: Be part of a team that directly impacts our clients’ success.Career Growth: We invest in our employees’ growth and provide opportunities for advancement.

If you’re passionate about making a difference and want to contribute to our exciting journey, we’d love to hear from you!

Compensation/Benefits Information (New York Applicants Only)

LSEG is committed to offering competitive Compensation and Benefits. The anticipated base salary for this position is $74,600 - $138,800.

Please be aware base salary ranges may vary by geographic location, city and state. In addition to our offered base salary, this role is eligible for our Variable Incentive Compensation plan. Target variable compensation will be commensurate with the posted career stage. Individual salary will be reflective of job related knowledge, skills and equivalent experience. LSEG roles (excluding internships and part-time roles of less than 20 hours per week) are typically eligible for inclusion in our LSEG Benefits program, which includes offerings of: Annual Wellness Allowance, Paid time-off, Medical, Dental, Vision, Flex Spending & Health Savings Options, Prescription Drug plan, 401(K) Savings Plan and Company match. LSEG’s Benefits plan also includes basic life insurance, disability benefits, emergency backup dependent care, adoption assistance commuter assistance etc.

LSEG is a leading global financial markets infrastructure and data provider. Our purpose is driving financial stability, empowering economies and enabling customers to create sustainable growth.

Our purpose is the foundation on which our culture is built. Our values of Integrity, Partnership, Excellence and Change underpin our purpose and set the standard for everything we do, every day. They go to the heart of who we are and guide our decision making and everyday actions.

Working with us means that you will be part of a dynamic organisation of 25,000 people across 65 countries. However, we will value your individuality and enable you to bring your true self to work so you can help enrich our diverse workforce. You will be part of a collaborative and creative culture where we encourage new ideas and are committed to sustainability across our global business. You will experience the critical role we have in helping to re-engineer the financial ecosystem to support and drive sustainable economic growth. Together, we are aiming to achieve this growth by accelerating the just transition to net zero, enabling growth of the green economy and creating inclusive economic opportunity.

LSEG offers a range of tailored benefits and support, including healthcare, retirement planning, paid volunteering days and wellbeing initiatives.

We are proud to be an equal opportunities employer. This means that we do not discriminate on the basis of anyone’s race, religion, colour, national origin, gender, sexual orientation, gender identity, gender expression, age, marital status, veteran status, pregnancy or disability, or any other basis protected under applicable law. Conforming with applicable law, we can reasonably accommodate applicants' and employees' religious practices and beliefs, as well as mental health or physical disability needs.

Please take a moment to read this privacy notice carefully, as it describes what personal information London Stock Exchange Group (LSEG) (we) may hold about you, what it’s used for, and how it’s obtained, your rights and how to contact us as a data subject.

If you are submitting as a Recruitment Agency Partner, it is essential and your responsibility to ensure that candidates applying to LSEG are aware of this privacy notice.",138800
"Amazing Senior Tax Associate opportunity at a growing private equity firm based in NYC. This role will include, but will not be limited to, partnership tax compliance. Client DetailsMy client is a global private equity firm based in NYC. They are a smaller and collaborative tax team with an excellent culture. DescriptionKey Responsibilities:Partnership tax compliance Tax planningSpecial projectsTax accounting Liaison with other departmentsProfile2-4 years of experience within the space (partnership tax)Bachelor's or Master's in Accounting requiredCPA strongly preferredStrong and effective communicatorJob OfferCompetitive Base Salary / BonusHealth/Vision/Dental insuranceGenerous PTO and paid holidaysExcellent Benefits401kHybrid Flexibility - 1-2 days in office, very flexible 
MPI does not discriminate on the basis of race, color, religion, sex, sexual orientation, gender identity or expression, national origin, age, disability, veteran status, marital status, or based on an individual's status in any group or class protected by applicable federal, state or local law. MPI encourages applications from minorities, women, the disabled, protected veterans and all other qualified applicants.",130000
"Medline Industries, Inc. has an immediate opening for an experienced Urology Sales Representative for the New York area. The position requires the ability to assimilate and deliver a high level of technical information as it relates to urology and CAUTI Prevention. Only candidates with experience in one or more of these areas will be considered. Healthcare personnel called on include but not limited to: chief nursing officer, infection preventionist, director of nursing, clinical coordinators, ICU unit directors & managers, risk managers, Materials Managers and OR personnel.

We are seeking a dynamic, hard-working professional with a background in the healthcare industry and a desire to work for a fast-paced, large corporate organization.

Responsibilities include but are not limited to:

Creating and conducting sales presentations on Urology product line to multiple decision makers which include Infection Prevention, C-Suite and various nursing personnel;Ability to present multiple product and Prevention Solutions;Calling on healthcare facilities within assigned territory to expand the sales of the products;Leading all customer product evaluations and implementations;Assisting Medline sales reps with questions via email, phone calls or in person;Following up with the customers and sales reps when evaluations/implementations are completed;Participating with division on overall product strategy, competitive analyses, research and development requirements as well as other duties as assigned;Maintaining existing business and presenting new products to grow business


Education

Bachelor’s degree and at least 2 years of quota-based sales experience demonstrating a background in cold calling, commission, full-cycle sales experience OR at least 5 years of quota-based sales experience demonstrating a background in cold calling, commissioned, full-cycle sales experience.


Relevant Work Experience

2+ years related sales experience within the medical supplies industry;Position will require up to 50% travel within assigned territory;Strong presentation skills and effectively communicate to a sales organization and customers;MS Office (Word and Excel) required;Excellent organizational, planning, communication and follow up skills required;Must live within assigned territoryDue to the nature of an outside sales representative position, the ability to drive a car, travel in that car 90% of each day, and interact with healthcare providers on site is required.


Why Medline?

53+ years of consecutive growth550,000+ products and countingMore than 20,000 employees spanning the globeNo.1 privately held manufacturer & distributor of health care products in the U.S. 1,600 and growing sales representatives across the continuum of careMedical, Dental, Vision & Rx plan401k with company match


Why Medline Sales? 

Lucrative Incentive Driven Earnings Potential Proven Training Infrastructure Entrepreneurial Work Environment Company Credit Card, Cell Phone, and Laptop Flexible Paid Time Off 


The anticipated compensation for this position includes a base salary of $75,000 with additional commission ranging between 4-15% net sales growth. This role is bonus eligible. Medline will not pay less than the applicable minimum wage or salary threshold.

Primary Location

US-NY-New York City",
"onsite 5 days and the schedule is 4pm –11PM.ResponsibilitiesCollaborate with colleagues to support meetings and multi-media activitiesSet up conference room technology for scheduled and ad hoc audio and video meetingsAssist meeting participants in using the Firm’s internal collaboration tools, such Zoom, MS Teams, Cisco Webex, Barco Clickshare and alikeHelp perform system quality checks to promptly correct audio visual (AV) issues prior to meetings and Firm eventsHelp troubleshoot, repair or escalate issues related to our integrated AV systemsSupport Firm events by setting up, supporting and/or removing AV equipmentMonitor the call queue from our internal ticketing system (Service Now) and record, track, and close service incidents promptlyTake ownership of technical problems and be proactive in resolving the issueAssist the team with IT equipment moves to support internal office relocationsWork closely with team colleagues to keep them informed of technical issues, follow-ups, escalations and resolutionsSalary Range: $65,000 to $82,000 (Based on experience)Qualifications1+ year in a similar roleHigh School diploma required; a Bachelor's degree in related field preferredHave knowledge of VOIP system, Cisco Call managerDiagnosing and resolving end-user issuesTeam player who is ambitious and motivatedExcellent interpersonal skills and patience working with othersMust be able to multitask and work in a fast-paced environmentMust have exceptional skills in the following: communications, customer service, problem-solving/troubleshooting, follow-up and organizationStrives to exceed the expectations and needs of internal and external clientsMakes personal contact, follow ups and closes loops in a timely mannerAbility to work in a team and solo environmentExcellent verbal and written skillsCapable of grasping new concepts without prior experienceAbility to lift 50Lbs or move equipment, if needed",82000
"About Us

 GIRL SCOUTS OF THE USA 

Founded in 1912, Girl Scouts of the USA (GSUSA) is the preeminent leadership development organization for girls and the leading authority on their healthy development. Millions of Girl Scout alums across the country and the world have gone on to achieve incredible things and make a tremendous impact in fields ranging from public policy, medicine, journalism, and athletics to international relations, science, technology, art, and entertainment.

As a mission-driven organization, GSUSA champions girls as they explore their worlds, try new things, and develop the courage, confidence, and character to make the world a better place. From stargazing during a first overnight camping trip to building robots, navigating a rocky hiking trail, working together on a community project, and learning about the importance of environmental stewardship, Girl Scouts of all backgrounds and abilities can unapologetically be themselves as they rise to meet new challenges and discover the issues that matter most to them. Along the way they learn the power of friendship, connection, and teamwork.

Girl Scouts are doers, innovators, problem-solvers, creators, and dreamers, and the GSUSA team is here to center, support, and inspire them, working with 111 local councils across the country and USA Girl Scouts Overseas to deliver our life-changing Girl Scout Leadership Experience.

 You Will 

GSUSA is searching for a Chief Marketing Officer (CMO), who will report to the Chief Executive Officer (CEO) and as an Executive Team leader, will have responsibility for, and be part of a billion-dollar organization involved in consumer products, merchandising and licensing, in addition to for-profit endeavors.

We are seeking a proven, digitally savvy, strategic brand-marketing executive who intimately understands the role a brand plays in fulfilling a bigger purpose. Unbound by channel, this CMO will be charged with creating strategic, brand building work that resonates with audiences to increase the reach and relevance of the Girl Scout brand.

The CMO of the GSUSA oversees GSUSA’s internal and external marketing efforts. It is responsible for the development and execution of the Marketing and Brand strategy. The CMO, an important member of the Executive Team, will collaborate with communities across the organization, with the goal of providing data-driven decision-making and measurable outcomes to define the Girl Scouts brand and mission. The CMO will lead through empowerment, inclusion, and inspiration, and facilitates transparency. They play a crucial role in providing a clear narrative to internal and external stakeholders to increase membership, revenue, and engagement. The ideal candidate will possess a sophisticated and cutting-edge approach to marketing and brand evolution, with a deep understanding of how to create a consumer-centric organization that builds and engages audiences across all platforms.

Serving as the brand compass with the primary goal of ensuring authenticity and strategic differentiation in all aspects of the business, this CMO will shepherd the brand’s continued evolution and expansion. The CMO will own the voice of the consumer, architect the consumer experience, and work across all platforms to further guide the Company’s digital transformation. Marketing and Brand are vital to the Girl Scout Movement’s success in delivering on its mission by enabling vibrant membership and revenue growth; stewarding brand reputation and relevancy; and building engaging relationships and loyalty among consumer audiences - girls, parents, alum, volunteers, and the public.

Essential Responsibilities

Reasonable accommodations may be made to enable individuals with disabilities to perform the essential functions.

 Serve as an integral member of the executive management team, responsible for contributing to the development and implementation of the strategic direction.  Conceptualize, develop, and execute the marketing strategies, tactics, and programs necessary for delivering against marketing objectives. These objectives include refining, evolving, and differentiating the brand, defining, and executing our strategic vision, building demand, increasing relevance, and growing market share.  Develop innovative tactics to reach target audiences via social media, voice, paid media, SEO/SEM and new emerging media and marketing platforms; develop a strategy for each digital platform articulating how content should be used on each platform and how girls and volunteers can be cultivated and activated across the Movement.  Develop and adapt comprehensive and integrated strategies to create a clear brand architecture, positioning Girl Scouts appropriately to all target audiences and stakeholders.  Build strategic alliances and partnerships, and foster relationships with partners through co-marketing efforts to diversify revenue streams.  Ensure top quality creative work that represents the brand, speaks to a targeted audience, and clearly communicates the marketing message. Ensure all campaigns exude creativity and are applied strategically.  Work collaboratively with outside agencies for production, when needed.  Ensure Girl Scouts brand is positioned competitively in the marketplace and resonates with audiences, in efforts to drive membership, increase cookie program revenue, drive fund development opportunities, and improve program awareness and adoption.  Oversee Events team to elevate our brand through in-person and virtual events to drive increased membership, revenue, fund development and alignment across the movement.  Manage 5 direct reports and develop an overall team of 30+ and reconsider organizational structure and talent needs as needed.  Work closely and communicate effectively with GSUSA leadership, (CEO and C-Suite), GSUSA communities, GSUSA Board, stakeholders, councils, staff, vendors, and other partners.  Coordinate with council leadership and marketing counterparts to provide expertise and overall direction that aligns with overall Movement goals and objectives.  Provide thought leadership to the GSUSA Executive Team, including guidance on messaging, communications during Movement leadership summits and meetings, etc.  Work closely with the Marketing Advisory Council (MAC)  Represent GSUSA to the external marketing brand and industry.  Provide leadership in the change management experience and drive employee engagement and retention. 

Required Competencies

 Influence, collaboration, and teamwork; Strategic thought leadership; High accountability for the Community; Strong leadership with strategic impact on the organization/Movement. Strong fiscal and strategic responsibility. Demonstrated track record of building and managing a brand and guiding a company to a leading market position. Highly regarded for thought leadership and vision around digital marketing, brand strategy and evolution – balancing vision, creativity, innovation, and business outcomes.  An understanding of current and emerging digital channels and how to apply marketing strategy to creative ideas and campaign activation across video, digital, mobile, social and event marketing. Has successfully used new media/digital applications to take a brand to new audiences and/or environments. Experience navigating and modernizing a legacy brand.  Strong history of leveraging and building brands to fulfill a broader purpose. Proven results expanding and diversifying audiences and consumers across all platforms, touchpoints, and formats.  Strong digital prowess across all marketing channels with proven ability to innovate. Experience building brands by leveraging digital content and social influence.  Strategic executive who understands how marketing can drive a business and understands the implications of the technological developments and trends in content consumption; knows where the industry has been, where it’s going and how to drive the business forward.  Experience initiating and implementing marketing strategies, which maximize market share and brand equity. Broad experience and understanding of all facets of the marketing discipline including market research, product positioning, pricing, promotions, sales, and distribution.  Experience building and applying marketing data infrastructure to legacy brands.  Strong communicator who effectively articulates information regarding promotional programs to internal communities and external partners. Works well with others; can make everyone feel valued and heard.  Experience working within a complex matrix-oriented organization.  Knowledge of youth marketing and generational trends is preferred.  Ability to balance strategic long-term planning with ability to pivot and respond to opportunities and crises.  Demonstrated experience in leading, building and actively participating in teams, including direct accountability for achieving established goals, objectives, coaching and motivation.  Skill in organizing resources and managing multiple priorities while delivering high quality results.  Experience leading change management at a national organization.  Working in a dynamic environment while being personally flexible and adaptable  Ability to foster a cooperative work environment.  Culturally and self-aware to operate effectively across cultures and define goals that appeal to a diverse set of people.  Developing teams that embody the brand and hiring people who are equally committed to taking the brand further. Ability to operate at both a strategic and execution level; ideate and directly execute.  Demonstrated financial rigor in overseeing community budget. 

 You Need 

Degree or Equivalent Experience: Undergraduate degree required; advanced degree in business highly desirable.

Experience: 20+ years of Marketing and Brand Management with non-profit experience a plus. Experience operating in a federated model is also a plus.

Position Type: This is a full-time, hybrid position with 2 days on site. GSUSA is based in New York City.

Salary Range: $325,000 - 375,000

 FEATURED BENEFITS: 

 What We Offer: 

Girl Scouts is powered by people, and we encourage our team members to be their best selves in and out of the office. We place a high priority on flexibility and offer a competitive employee salary and benefits package that includes:

 Paid Time Off:  

GSUSA offers 20+ days of paid time off, 2 floating holidays, as well as 9 workplace holidays. GSUSA staff also enjoy a paid holiday year-end office closure between Christmas and New Year's.

 Other Benefits: 

 Medical and Behavioral Health Coverage  Plan options with individual and family coverage which includes wellness, hospitalization, and fertility assistance.  Both plans include GSUSA partial subsidy of premium costs  Dental and vision coverage  Health Savings Accounts (HSAs) and Flexible Spending Accounts (FSAs) including Health, Dependent Care, and Limited FSA for those with Health Savings Accounts  Company-paid life insurance  Flexible work arrangements  12 weeks of paid parental leave  401(K) with company match  Sick leave  Short- and Long-Term Disability for salary continuation  Health and Wellness Classes and Activities throughout the year  Access to Employee Engagement Groups 

AAP/EEO Statement: GSUSA is an equal employment opportunity employer.",375000
"Who We Are

WME is a leading entertainment agency representing the world’s greatest artists, content creators and talent across books, digital media, fashion, film, food, music, sports, television and theater. Named one of Fast Company’s Most Innovative Companies, WME is a subsidiary of Endeavor, a global sports and entertainment company.

Endeavor is a global sports and entertainment company, home to many of the world’s most dynamic and engaging storytellers, brands, live events, and experiences. The Endeavor network specializes in talent representation through entertainment agency WME; sports operations and advisory, event management, media production and distribution, and brand licensing through IMG; live event experiences and hospitality through On Location; full-service marketing through global cultural marketing agency 160over90; and sports data and technology through IMG ARENA and OpenBet. Endeavor is also the majority owner of TKO Group Holdings (NYSE: TKO), a premium sports and entertainment company comprising UFC and WWE.

What You'll Do

The Harry Walker Agency, a business unit of WME, seeks a smart and motivated Contracts Administrator/Coordinator to join its Business Affairs Department in New York, NY. Primary responsibilities include drafting and negotiation of speaking engagement contracts (in consultation with sales agents and talent managers) for high profile individuals, including entertainers, athletes, authors, global thought leaders and former heads of state. The candidate must have excellent written and oral communication skills, be highly organized, and have keen judgment. The ability to handle a high-volume of work in a fast-paced, highly collaborative environment is a must.

Draft contracts between speakers, the agency and hosting organizationsProcess contract edits and revisions in a time sensitive and professional mannerAdeptly manage and prioritize assignments on a minute to minute basis, including using CRM to keep detailed records, following team processes and structures Accurately and professionally communicate with all internal stakeholders, including team managers, sales agents and talent managersCommunicate as necessary via phone and email with host organizations, including including domestic and international corporations, non-profits, trade associations and institutions of higher learningSupport the continuous improvement of standard form agreements and legal processesPerform special projects as required

You Have These

J.D. preferred, or bachelor’s degree with relevant experienceStrong desire to work in the entertainment industryDetail oriented with outstanding organizational skillsExcellent oral and written communication skillsSolutions-focused with a strong work ethic and drive to learn and contributeAn upbeat, positive, communicative team-player with a no-nonsense approach to work

Endeavor is at the center of sports, media, entertainment, and fashion and is a largely relationship-based business. To foster an environment of collaboration, develop our future talent, and build on relationships across leadership, peers, and teams, we work from the office 4 days per week. We see immeasurable value internally and throughout the core of the businesses we support.

Endeavor unites and brings people together in our love of sport, culture, and entertainment. We understand this can only be accomplished when we lead with a lens of diversity, equity, and inclusion in everything we do. As a global company that drives culture, we strive to reflect the world’s diverse voices.  

Endeavor is an equal opportunities employer and encourages applications from suitably qualified and eligible candidates regardless of sex, race, disability, age, sexual orientation, or religion or belief.

Per local requirements and in the interest of transparency, the range shown below reflects the prevalent current hiring range for this position. Hiring pay rates are based on a number of factors, including location and may vary depending on job-related qualifications, knowledge, skills and experience. Endeavor strives to provide locally competitive rewards packages, which include base rate along with, as applicable, short- and long-term incentives, growth and developmental opportunities, and robust benefits, such as health care, retirement, vacation and other paid time off, and additional offerings.

Hiring Range Minimum

$58,500 annually

Hiring Range Maximum

$70,000 annually",70000
"Description

The Identity and Diagnostics Engineering for Advertising (IDEA) team owns two charters: Identity and Diagnostics. The Identity (a.k.a. Identity Hub) program was established to be the single source of truth for all advertiser identity dimensions, offering authoritative and comprehensive views of an advertiser across all channels (ads, retail, partners, and real world). The Diagnostics program is responsible for building comprehensive issue identification capabilities across the ads lifecycle to empower advertisers and Amazon internal teams to identify problems affecting ads, campaigns, and accounts through access to accurate, timely, and easy-to-understand diagnostics. To this end we are currently engaged in the process of architecting building and rolling out key mission critical solutions to Amazon’s Advertising product stack which will make it seamless for millions of Advertisers to access vital information impacting the performance of their digital Ads across the entire foot print of Amazon digital properties. We are currently recruiting experienced Applied Scientists who enjoy solving technical challenges at massive scale, simplifying and eliminating complexity as well as demonstrate a high sense of ownership and the ability to drive solutions from inception to delivery.

We have a strong culture of innovation, solving problems in creative ways and our track record of accomplishment’s speaks for itself. You will be joining a high-performing team at the core of the Amazon Ad’s ecosystem. You will be responsible for the entire development lifecycle, from feature ideation to experimentation and development to operational excellence. We will be counting on you to have strong technical skills - you should be able to lead the design, implementation, and successful delivery of solutions for scientifically-complex problems and systems in production, which can be brand new or evolving from existing ones. You will heavily influence the design and write a significant portion of critical-path code.

We are open to hiring candidates to work out of one of the following locations:

New York, NY, USA

Basic Qualifications

 3+ years of building models for business application experience PhD, or Master's degree and 4+ years of CS, CE, ML or related field experience Experience programming in Java, C++, Python or related language Experience in any of the following areas: algorithms and data structures, parsing, numerical optimization, data mining, parallel and distributed computing, high-performance computing

Preferred Qualifications

 Experience using Unix/Linux Experience in professional software development

Amazon is committed to a diverse and inclusive workplace. Amazon is an equal opportunity employer and does not discriminate on the basis of race, national origin, gender, gender identity, sexual orientation, protected veteran status, disability, age, or other legally protected status. For individuals with disabilities who would like to request an accommodation, please visit https://www.amazon.jobs/en/disability/us.

Our compensation reflects the cost of labor across several US geographic markets. The base pay for this position ranges from $136,000/year in our lowest geographic market up to $222,200/year in our highest geographic market. Pay is based on a number of factors including market location and may vary depending on job-related knowledge, skills, and experience. Amazon is a total compensation company. Dependent on the position offered, equity, sign-on payments, and other forms of compensation may be provided as part of a total compensation package, in addition to a full range of medical, financial, and/or other benefits. For more information, please visit https://www.aboutamazon.com/workplace/employee-benefits. This position will remain posted until filled. Applicants should apply via our internal or external career site.



Company - Amazon.com Services LLC

Job ID: A2609662",222200
"
A medical services organization on Long Island is currently seeking a licensed Nurse Practitioner (NP) and/or Physician Assistant (PA) to join their Women's Health team at one of their outpatient facilities in Suffolk County.

About the Opportunity:Specialty: Women's HealthSetting: Outpatient Schedule: 4 to 5 days a week (rotating SaturdaysPatient Volume: 3 to 4 patients per hour
Responsibilities:

The Women's Health NP / PA will:Act as part of the medical services team providing reproductive and prenatal health careProvide relevant health instruction to include family planning, nutrition, sexual counseling, and principles of health promotion and maintenancePerform other duties, as needed
Qualifications:Bachelor's DegreeNYS Nurse Practitioner (NP) and/or Physician Assistant (PA) licenseSolid assessment, clinical, and documentation skillsGreat interpersonal skillsExcellent communication skills (written and verbal)Strong attention to detailHighly organizedNew grads welcome!
Desired Skills:Family Planning and/or Women's Health background",115000
"At Early Warning, we’ve powered and protected the U.S. financial system for over thirty years with cutting-edge solutions like Zelle®, Paze℠, and so much more. As a trusted name in payments, we partner with thousands of institutions to increase access to financial services and protect transactions for hundreds of millions of consumers and small businesses.

Engineering at Early Warning (EWS) is a blend of teams organized around many different platforms, capabilities and products that are brought together to power core capabilities at the biggest banks in America – this includes ubiquitous products like Zelle and Paze.

These capabilities are typically provided behind a customer-facing API or integration point which enables the EWS teams to innovate aggressively where big wins can be found. The teams aligned behind these efforts drive their own innovation in partnership with stakeholders.

If you are hungry for large scale challenges and crave opportunities to learn and contribute in a big way (in an environment that is predominately Java) – we’d love to talk to you!

Overall Purpose

The Senior Software Engineer in Test (SDET) performs test strategy, test design, test planning and automation of various test frameworks and tools. Responsible for delivering quality and performance of large-scale API, web, and mobile application interfaces. This role is integral to EWS’ overall effort to implement enterprise test automation strategies and methodology and will have a focus on continuous integration and delivery for our products. Candidates for this position are experienced, hands on and self-motivated engineers who can work collaboratively in a continuous integration environment.

Essential Functions

Implements an automated test structure in the CI/CD pipeline.Directly contribute to the development of automated component, system integration (E2E), regression, backward compatibility and performance tests through continuous integration.Executes automated and manual test suites and ensure overall system quality prior to production release.Reports defects and issues to development teams and manage defects through to successful resolution.Creates software test artifacts including test strategy, test plans, test cases, and test summary reports.Continually seek opportunities to improve, optimize and simplify existing testing processes and methodologies.Works together with relevant teams and departments to improve product quality.Provides training, mentorship, and support to quality engineering team members, focusing on systems, policies, procedures, and core Quality processes.Support the company’s commitment to risk management and protecting the integrity and confidentiality of systems and data.The above job description is not intended to be an all-inclusive list of duties and standards of the position. Incumbents will follow instructions and perform other related duties as assigned by their supervisor.

Minimum Qualifications

Bachelor’s degree in Computer Science, Information Technology, or a related field required.5+ years’ experience developing software or test automation frameworks using two of the programming languages – Java, Ruby, Node.js or Objective C. Java is preferred.Prior experience with established Software development and monitoring tools (GitLab, GIT, Eclipse/Android Studio/X-Code, Bamboo, Harness, Splunk, AppDynamics).Experience with CI/CD and integrating automated testing.Experience implementing test automation frameworks for API, web or mobile platforms (hybrid, iOS or Android) using any test automation tools– Appium, Selenium, Web driver, Rest-Assured API, and Cucumber.AWS or Cloud experience.Kubernetes.Background and drug screen.

Preferred Qualifications

Knowledge of Performance/Load Testing is a plus.Experience with Device Cloud Providers: BrowserStack, Perfecto Mobile, Device Anywhere, Amazon Device Farm.Experience in building and executing automated and performance tests for REST and XML/SOAP/JSON based services.Experience testing system/server level software, networking (sockets) and protocols: HTTP, SIP, Rest Services.Agile/Lean methodologies experience preferred.

Physical Requirements

Working conditions consist of a normal office environment. Work is primarily sedentary and requires extensive use of a computer and involves sitting for periods of approximately four hours. Work may require occasional standing, walking, kneeling and reaching. Must be able to lift 15 pounds occasionally and/or negligible amount of force frequently. Requires visual acuity and dexterity to view, prepare, and manipulate documents and office equipment including personal computers. Requires the ability to communicate with internal and/or external customers.

Employee must be able to perform essential functions and physical requirements of position with or without reasonable accommodation.

The Pay Scale For This Position In

Phoenix, AZ/Chicago, IL in USD per year is: $115,000 - $130,000.

New York, NY/San Francisco, CA in USD per year is: $120,000 - $150,000.

This pay scale is subject to change and is not necessarily reflective of actual compensation that may be earned, nor a promise of any specific pay for any specific candidate, which is always dependent on legitimate factors considered at the time of job offer. Early Warning Services takes into consideration a variety of factors when determining a competitive salary offer, including, but not limited to, the job scope, market rates and geographic location of a position, candidate’s education, experience, training, and specialized skills or certification(s) in relation to the job requirements and compared with internal equity (peers). The business actively supports and reviews wage equity to ensure that pay decisions are not based on gender, race, national origin, or any other protected classes.

Additionally, candidates are eligible for a discretionary bonus, and benefits.

Some of the Ways We Prioritize Your Health and Happiness

 Healthcare Coverage – Competitive medical (PPO/HDHP), dental, and vision plans as well as company contributions to your Health Savings Account (HSA) or pre-tax savings through flexible spending accounts (FSA) for commuting, health & dependent care expenses. 401(k) Retirement Plan – Featuring a 100% Company Safe Harbor Match on your first 6% deferral immediately upon eligibility. Paid Time Off – Unlimited Time Off for Exempt (salaried) employees, as well as generous PTO for Non-Exempt (hourly) employees, plus 11 paid company holidays and a paid volunteer day. 12 weeks of Paid Parental Leave Maven Family Planning – provides support through your Parenting journey including egg freezing, fertility, adoption, surrogacy, pregnancy, postpartum, early pediatrics, and returning to work.

And SO much more! We continue to enhance our program, so be sure to check our Benefits page here for the latest. Our team can share more during the interview process!

Pursuant to the San Francisco Fair Chance Ordinance, we will consider for employment qualified applicants with arrest and conviction records.

Early Warning Services, LLC (“Early Warning”) considers for employment, hires, retains and promotes qualified candidates on the basis of ability, potential, and valid qualifications without regard to race, religious creed, religion, color, sex, sexual orientation, genetic information, gender, gender identity, gender expression, age, national origin, ancestry, citizenship, protected veteran or disability status or any factor prohibited by law, and as such affirms in policy and practice to support and promote equal employment opportunity and affirmative action, in accordance with all applicable federal, state, and municipal laws. The company also prohibits discrimination on other bases such as medical condition, marital status or any other factor that is irrelevant to the performance of our employees.",150000
"Company DescriptionColumbia University's Pre-College Programs offer high-achieving high school students the opportunity to engage in exploratory coursework at the college level, studying alongside peers from around the world. This highly selective program is open to students entering grades 9-12 and freshman year of college.
Job DescriptionColumbia University’s Pre-College Programs for High School Students is seeking qualified candidates to develop and teach on-campus (i.e., in person) courses during Summer ’24.
Please Note: Course(s) and course availability is subject to change. Dates and class times are tentative and subject to change. 
Session:Summer C: August 5th - August 9th 
Class Times: 11:10am-1pm & 3:10pm-5pm EST 
Course description:Participants learn the principles of finance and investment management, to include interest rates and compound interest, the time value of money, risk and reward, how stocks and bonds are valued, how the stock market functions, how the international financial market functions, and how to approach stock selection and portfolio management.
We explore the structure of the financial system, to include the role of individual participants, investment banks, asset managers, the Central Bank, and other players in the global economy. The course connects foundations of economics to financial markets. What is the role of risk in investment? How does the environment of the market and the broader world drive return on investments? Why have some investments done well in memorable history? Why have others not done well? How are the winners and losers of past investments explained by financial theory? What is the role of traditional investments, such as mutual funds, and of alternative investments, such as venture capital, private equity and hedge funds?
Students generate their own investment strategies and portfolios. The course includes some asynchronous work, which students are expected to complete between class sessions.
Responsibilities:Develop course content, syllabus, lesson plans, and assigned workLead and attend all in-person class sessionsEstablish and maintain a dynamic in-class environment tailored for our high school populationEvaluate student work and write a holistic evaluation of each participant after the course endsMonitor and address student concerns and inquiries (you will have around 20-24 students)Attend and complete all required online trainings
QualificationsGraduate degree or equivalent professional or academic backgroundExpertise in the pertinent subject matterAptitude for teaching
Hiring Salary Range: Summer C on-campus: $2,200 - $2,800
Additional Information:All applications must be made here: https://smrtr.io/j-7YhPlease submit a resume inclusive of teaching experience as well as formal teaching evaluations (if available)Applicants must have U.S. work authorization and will need to be in the U.S. while teachingApplicants may not hold a concurrent appointment with Columbia for the duration of their appointmentOnce hired, applicants are required to submit to a third party background check and complete Protection of Minors training in addition to other training(s) mandated by the University and Pre-College Program
For more information on the program, hiring process, and class schedules, please see https://bit.ly/3uGNA8a.

Equal Opportunity Employer / Disability / VeteranColumbia University is committed to the hiring of qualified local residents.",2800
"Job Id: 24740621

Job Description

Group Responsibilities:

The modeling team within Citigroup’s Corporate Financial Planning and Analysis team is responsible for:

Developing, implementing, and maintain the models that support Citi’s Balance Sheet and Income Statement forecastingThese models are used by Citi’s Business and Finance teams to support their Planning processes, and are used directly as forecasting tools for the bank’s CCAR PPNR processesThese models are used by Citi’s Interest Rate Risk Management function, including supporting the Funds Transfer Pricing framework, in the management of the bank’s interest rate riskThe common structure of these models is that they translate projections of economic environment scenarios into forecasts for Citi’s Balance Sheet and Income StatementIn addition, the team supports broader Treasury ALM quantitative analytical needs

The candidate’s job responsibilities include:

Develop statistical models for the forecasting of Citi’s Balance Sheet and Income Statement, for use in Citi’s business planning processes, risk management processes, and for regulatory-based stress testing processes.Develop models such that the model can translate macroeconomic and financial market indicators into scenario-based forecasts. Intent for these models is to utilize account level data/characteristics for enhancing our current set of PPNR models for US Credit Cards and US Consumer DepositsFully document all developed models for use during reviews with senior management, model validation, Citi’s business and functional teams, internal/external audit, and regulatory agencies (e.g., Fed, OCC, FDIC)Partner with Citi’s business leaders such that the development, implementation, and use of developed forecasting models, ensures the appropriate design and usePartner with Citi’s Operations and Technology team to ensure timely, efficient, and accurate implementation of developed models

Qualifications:

Minimum 2 years of experience in developing advanced statistical models for use in a financial institution settingAdvanced degree in quantitative discipline (e.g., Statistics, Economics, Finance), Ph.D. preferredProven track record of successful independent model development, with proven track record of successful interaction with business stakeholders, internal model risk management and audit, and external regulatorsExperience participating in complex end-to-end model development projects (business requirements, data capture, model design, build, validation, implementation, and use)Experience with developing PPNR models for credit cards and/or consumer deposit portfolios. Candidates that have experience utilizing account level data for credit cards modeling preferred, with emphasis on PPNR modeling, but not limited toEagerness to learn about the relationship between the economic environment and the balance sheet/income statementExpert programming skills to develop statistical models, with expert capabilities in statistical software packages such as SAS, R, or Python preferred.Experience utilizing a Oracle database platform, including SQL scripting, preferred Experience developing models in a regulated environment (e.g., Fed, OCC, FDIC) preferredExcellent communication and interpersonal skills to allow collaboration with Citi colleaguesProven track record of successfully migrating models from development through production implementation

------------------------------------------------------

Job Family Group: 

Finance

------------------------------------------------------

Job Family:

Financial Planning & Analysis

------------------------------------------------------

Time Type:

Full time

------------------------------------------------------

Primary Location:

New York New York United States

------------------------------------------------------

Primary Location Full Time Salary Range:

$129,840.00 - $194,760.00

In addition to salary, Citi’s offerings may also include, for eligible employees, discretionary and formulaic incentive and retention awards. Citi offers competitive employee benefits, including: medical, dental & vision coverage; 401(k); life, accident, and disability insurance; and wellness programs. Citi also offers paid time off packages, including planned time off (vacation), unplanned time off (sick leave), and paid holidays. For additional information regarding Citi employee benefits, please visit citibenefits.com. Available offerings may vary by jurisdiction, job level, and date of hire.

------------------------------------------------------

Anticipated Posting Close Date:

Apr 26, 2024

------------------------------------------------------

Citi is an equal opportunity and affirmative action employer.

Qualified applicants will receive consideration without regard to their race, color, religion, sex, sexual orientation, gender identity, national origin, disability, or status as a protected veteran.

Citigroup Inc. and its subsidiaries (""Citi”) invite all qualified interested applicants to apply for career opportunities. If you are a person with a disability and need a reasonable accommodation to use our search tools and/or apply for a career opportunity review Accessibility at Citi.

View the ""EEO is the Law"" poster. View the EEO is the Law Supplement.

View the EEO Policy Statement.

View the Pay Transparency Posting",194760
"Overview

 How you move is why we’re here. ®

Now more than ever. 

Get back to what you need and love to do.

The possibilities are endless...

Now more than ever, our guiding principles are helping us in our search for exceptional talent - candidates who align with our unique workplace culture and who want to maximize

the abundant opportunities for growth and success.

If this describes you then let’s talk!

HSS is consistently among the top-ranked hospitals for orthopedics and rheumatology by U.S. News & World Report . As a recipient of the Magnet Award for Nursing Excellence, HSS was the first hospital in New York City to receive the distinguished designation. Whether you are early in your career or an expert in your field, you will find HSS an innovative, supportive and inclusive environment.

Working with colleagues who love what they do and are deeply committed to our Mission, you too can be part of our transformation across the enterprise.

Program Coordinator, Resident & Fellow Research

Community Education-Outreach

Full-Time

Position Description

The Program Coordinator, Resident & Fellow Research, reporting to the Senior Director of EI Outcomes and Scholarly Activity, will provide support and coordination for HSS EI Programs for all matters related to data analysis, outcomes reporting, faculty and trainee scholarship, Academic Training research, and quality and process improvement initiatives. The Program Coordinator supports all sponsored programs in the following areas: resident and fellow research projects, resident and fellow grant funding, resident and fellow scholarship as defined under the ACGME Common Program Requirements and enhancing the knowledge and practice of the scholarly approach to evidence-based patient care.

Job Responsibilities Include, But Are Not Limited To

 Supports the SD, EI Outcomes & Scholarly Activity in ensuring compliance of the Sponsoring Institution with the ACGME Institutional Requirements for scholarly pursuits and availability of resources to support ongoing scholarship.  Ensure that each ACGME-accredited program is in substantial compliance with the ACGME Common and specialty/subspecialty-specific program requirements for resident and fellow scholarly activities. Accomplishes this aim by periodically meeting with each program to promote scholarly activities and build effective relationships.  Consults with investigators and faculty mentors for new and ongoing research and quality improvement projects.  Coordinates the Annual Mathias P. G. Bostrom Chief Resident Research Presentations as well as the Annual Chief Fellow Research Presentations  Supports the process for analysis of data and preparation of manuscripts and scientific presentations. Guides the development of data capture and monitoring plans to maintain quality.  Assists in development and execution of projects that enhance the scholarly activity of GME Residents and Fellows, as well as students where appropriate ( e.g. QCC initiatives).  Supports Course Director for Resident Research, Evidence Based Medicine, and Resident Statistics educational modules.  Identifies collaborative research opportunities, including poster competitions, workshops, webinars, and other Continuing Medical Education (CME) programs.  Supports the development and maintenance of research tools, such as spreadsheets, questionnaires and/or brochures to support GME requirements.  Contributes to various reports for GME including the Annual Institutional Review (AIR).  Educates faculty and residents/fellows on established policies, processes, and procedures for trainee scholarly pursuits.  Assists in development of evaluation tools that effectively capture the necessary data required.  Support and mentor Residents and Fellows in Institutional Review Board (IRB) submissions and Clinical Review Panels (CRPs)  Develop regular data reports and dashboards to track program performance and outcomes.  Organize team meetings, prepare agendas, and document meeting minutes.  Address ad-hoc data requests and projects for changing ACGME requirement and for all EI initiatives. 

Qualifications

 Bachelor’s degree in public health, education, research, behavioral or social sciences, or a related field. Master’s degree is preferred.  2-3 years’ experience in medical education, research and/or academic scholarship and understanding of the ACGME scholarly activity and research requirements for residents and fellows.  Works well with cross-functional teams  General familiarity with GME online data and reporting systems  Proficiency in evaluation design, research methodology, and qualitative and quantitative data analysis.  Strong proficiency in Microsoft Office Suite (Word, Excel, PowerPoint, Access).  Proficiency in SPSS, Redcap, and Tableau is required.  Familiarity with Alchemer, Quickbase, and Salesforce preferred.  Excellent analytical and problem-solving skills.  Ability to manage deadlines, prioritize tasks, and work both independently and collaboratively.  Ability to work in a fast-paced environment.  Highly organized with exceptional written and verbal communication skills.  Access to a working computer, internet, and phone is essential. 

Other Requirements

 Pay Range - Minimum 

USD $70,000.00/Yr.

 Pay Range - Maximum 

USD $80,000.00/Yr.

",80000
"About NYC Health + Hospitals:
Empower Every New Yorker — Without Exception — to Live the Healthiest Life Possible
NYC Health + Hospitals is the largest public health care system in the United States. We provide essential outpatient, inpatient and home-based services to more than one million New Yorkers every year across the city’s five boroughs. Our large health system consists of ambulatory centers, acute care centers, post-acute care/long-term care, rehabilitation programs, Home Care, and Correctional Health Services. Our diverse workforce is uniquely focused on empowering New Yorkers, without exception, to live the healthiest life possible.
At NYC Health + Hospitals, our mission is to deliver high quality care health services, without exception. Every employee takes a person-centered approach that exemplifies the ICARE values (Integrity, Compassion, Accountability, Respect, and Excellence) through empathic communication and partnerships between all persons.
Job Description:SUMMARY OF ESSENTIAL DUTIES AND RESPONSIBILITIES:Manage daily service line operations including development, execution, and management of Expresscare portfolio business cases, including tactical operational plans, technical and regulatory builds, procurement, and vendor management. Implementing service line growth and development necessary to ensures strategic, operational and financial focus on growth, improving outcomes, clinical effectiveness and patient safety.Contribute design and development of new programs and systems to improve the customer experience, create a persistent customer-first mentality across physical and digital channels.Partner with vEC Medical Director and Associate Medical Directors for all activities related to patient care and medical staff management. Partner with COO to manage key performance indicators for service lines and portfolio business cases including measures of process performance and programmatic outcomes.Develop and explore testable hypotheses (i.e., reduce total cost of care, improve member outcomes, drive member satisfaction, etc.) in collaboration with core programmatic partners.Identify inefficiencies and process improvement opportunities, analyze potential gains, prioritize and propose action plans and timeline to support continuous improvement.Assist with leading and managing change through influencing matrixed System resources to achieve system-wide performance improvement initiatives.Supporting relationships and communication with other city and state agencies, offices, or members of government; community-based organizations; and other external stakeholders as needed, with seamless coordination with intergovernmental affairs and the press office Responding quickly to unanticipated or urgent requests, providing consultation and direct support to relevant team members as needed.All Other assignment, as needed 
Minimum Qualifications:Graduation from an approved School of Medicine and completion of an approved residency and Board eligible; and, N.Y. State license; and, Five years of full-time paid experience in a responsible medical and clinical administrative and/or managerial capacity; or, A Master's Degree from an accredited college or university in Hospital Administration, Health Care Planning, Public Health, Administrative Medicine, Business Administration, Public Administration or approved related program; and, Eight years of progressively responsible experience in health and medical services administration, of which at least four yeaDepartment PreferencesStrong leadership and change management skills including experience with clinical practice management Provider management experience within clinical service lineSuperior organizational, planning, and project management skillsDesire and ability to work with multiple stakeholders including business, clinical, and IT leadership Excellent customer service and people skillsStrategy, Project Management, Healthcare Market Analysis, Telehealth and Other Healthcare Technologies, Healthcare Operations, Quality Assurance, Performance Improvement, RiskManagement, Regulatory & Accreditation, Care Experience, Healthcare Administration, Data & Reporting, Policy, Leadership and Team Building.*Willing to travel to NYC Health + Hospitals facilities within the 5 boroughs 
NYC Health and Hospitals offers a competitive benefits package that includes:Comprehensive Health Benefits for employees hired to work 20+ hrs. per weekRetirement Savings and Pension PlansLoan Forgiveness Programs for eligible employeesPaid Holidays and Vacation in accordance with employees' Collectively bargained contractsCollege tuition discounts and professional development opportunitiesMultiple employee discounts programs",175000
"Are you a creative strategic thinker?
Are you collaborative, productive, and eager to contribute to a growing business?
Do you excel at leading teams?
Do you have a deep understanding of fundraising consulting?
Do you have a deep understanding of capital campaigns?
Do you dream of a better future – for yourself, for your career, for society?
The Heller Fundraising Group is looking for a Senior Consultant to join our team. This will be our next key team member to help accelerate our impact on the nonprofit sector.
This role includes significant opportunities for professional development as an integral member of an entrepreneurial, creative business environment. All of our employees have chosen to join our team because the Heller Fundraising Group improves their life in important ways. Are you next?
The Heller Fundraising Group builds abundance for nonprofits through customized consulting and training for successful capital campaigns, insightful feasibility studies, and prosperous major gift programs. We are committed to diversity and inclusivity, building abundance through our impact at the nonprofits we serve. We have a willingness to understand and engage with cultural differences and actively choose to suspend judgment of others, as we work towards creating a more just world.
About the Position
The Heller Fundraising Group is looking for a Senior Consultant to join our team. The position requires an experienced fundraising professional with a track record of success in work with major donors and capital campaigns in the nonprofit sector. Reporting to the Consulting Services Director, the Senior Consultant will work closely with our current leadership to manage client engagements, including Campaigns, Feasibility Studies, and more. The ideal candidate has held senior level staff positions. Consulting experience is a plus, but not required.
Working primarily from home, they will have the opportunity to work on dynamic projects while maintaining a healthy work-life balance. This position includes significant opportunities to grow with the Heller Fundraising Group as we continue to expand our client base.
Responsibilities Directly manage 4-5 Campaigns and/or Feasibility Studies, working collaboratively with our clients;Supervise 1-2 client engagements managed by Heller Group Collaborating Consultant Project Leaders;Participate in business development, marketing, and sales;Represent the Heller Fundraising Group through networking;Provide education to nonprofit leaders via training, using company tools and expertise.
Candidate Requirements Possess a strong combination of strategic and creative brain power that does not shy away from the challenges, risks, and rewards;Proven ability to be entrepreneurial and self-motivated;Demonstrated success in securing significant major gifts;A solid understanding of capital campaigns, and a proven ability to inspire others in building strong and productive nonprofit relationships;A project management style based on open, solution-oriented, and inclusive decision-making;Excellent written, verbal, and interpersonal communication skills;Enthusiastic about team collaboration and working remotely;Managerial experience preferred;Experience with non-campaign aspects of fundraising is a plus;A minimum of 5 years of progressively responsible experience in nonprofit major gift fundraising and campaigns is required;Bachelor’s degree at minimum;Proficiency in Microsoft Office, Google Suite, facility with current business management software and relational databases.
More About Our Company The Heller Fundraising Group is a successful NYC-based fundraising consulting company. Our firm advises nonprofit organizations on powerful fundraising strategies. Since our founding in 2004, we have served approximately 120 organizations, from Florida to Maine and beyond, guiding them to raise hundreds of millions of dollars.
Our team members work from home, meeting in-person and via video for team and client meetings, including some travel. We are fully committed to our clients, we work hard and intelligently, and we honor the human need for rest and play.
We specialize in:Capital CampaignsFeasibility and planning studiesMajor gifts programsDevelopment office assessment and best practicesSolicitation training for board and staff members
Heller Fundraising Group is committed to fostering an inclusive workplace environment. We believe that a diverse team brings a wide range of perspectives, ideas, and experiences that enhance our ability to innovate and serve our customers effectively.
We value diversity in all its forms, including but not limited to race, ethnicity, gender, sexual orientation, religion, age, disability, age, and veteran status. Heller Fundraising Group believes that fostering an inclusive culture where every employee feels respected, valued, and empowered is essential to our success as an organization.
Our commitment to diversity extends beyond recruitment and hiring practices. We strive to create an inclusive environment where every individual feels supported and valued. We promote open communication, mutual respect, and collaboration across the organization. We are dedicated to providing equal opportunities for advancement and professional growth to all employees, regardless of their background or identity.
Our full DEI statement can be found online: https://hellerfundraisinggroup.com/diversity-equity-inclusion-statement
CompensationStarting salary of $115,000 - $150,000 annually, commensurate with experience. The Heller Fundraising Group provides generous contributions toward health and dental insurance, paid vacation time and sick time, 10 paid holidays, a 401k program with employer contribution, and additional benefits.
LocationThe position will be primarily remote. We are, however, committed to in-person meetings throughout the year and meeting in-person with clients when possible. Candidates must live in or have easy access to the NYC area.
Application Process Please upload both a cover letter describing your interest in the position and resume where it says to “Upload Your Resume."" Please note, you are limited to uploading one document, so your cover letter and resume will need to be compiled into one file (supported formats:doc, docx, pdf, rtf).
The interview process will include screening of resumes and cover letters, as well as selected zoom interviews and in-person interviews in Manhattan.",150000
"A financial services firm is looking for a DevOps Engineer to join their team in New York, NY.

Compensation: $170-190k

Responsibilities

bull; Design, implementation, maintenance and ongoing support of Microsoft Enterprise GitHub.

bull; Design, implementation, maintenance and ongoing support of Sonatype and SonarQube cloud migration.

bull; Design, implementation, maintenance and ongoi",190000
"Company Description

We create world-class content, which we distribute across our portfolio of film, television, and streaming, and bring to life through our theme parks and consumer experiences. We own and operate leading entertainment and news brands, including NBC, NBC News, MSNBC, CNBC, NBC Sports, Telemundo, NBC Local Stations, Bravo, USA Network, and Peacock, our premium ad-supported streaming service. We produce and distribute premier filmed entertainment and programming through Universal Filmed Entertainment Group and Universal Studio Group, and have world-renowned theme parks and attractions through Universal Destinations & Experiences. NBCUniversal is a subsidiary of Comcast Corporation.

Here you can be your authentic self. As a company uniquely positioned to educate, entertain and empower through our platforms, Comcast NBCUniversal stands for including everyone. Our Diversity, Equity and Inclusion initiatives, coupled with our Corporate Social Responsibility work, is informed by our employees, audiences, park guests and the communities in which we live. We strive to foster a diverse, equitable and inclusive culture where our employees feel supported, embraced and heard. Together, we’ll continue to create and deliver content that reflects the current and ever-changing face of the world.

Job Description

NBCUniversal owns and operates over 20 different businesses across 30 countries including a valuable portfolio of news and entertainment television networks, a premier motion picture company, significant television production operations, a leading television stations group, world-renowned theme parks and a premium ad-supported streaming service.

Here you can be your authentic self. As a company uniquely positioned to educate, entertain and empower through our platforms, Comcast NBCUniversal stands for including everyone. We strive to foster a diverse and inclusive culture where our employees feel supported, embraced and heard. We believe that our workforce should represent the communities we live in, so that together, we can continue to create and deliver content that reflects the current and ever-changing face of the world. Click here to learn more about Comcast NBCUniversal’s commitment and how we are making an impact.

In this role, you’ll act as the Executive Assistant to the Chairman of NBCUniversal Local as well as the SVP of Diversity, Equity & Inclusion. You will receive exposure to multiple shadowing and project opportunities across different areas of interest (i.e. reporting, sales, marketing, tech, etc.).

As the Executive Assistant, you will manage the day-to-day administrative functions as well as interface with a variety of employees (both internally and externally). Some of those administrative duties include but are not limited to: Handling heavy call volume – screen and log calls and respond to inquiries directly, manage calendars, book conference rooms, schedule staff meetings & client meetings as necessary. You will coordinate travel accommodations including comprehensive and detailed itineraries. You will be leaned on to assume assistant duties for CFO, CMO & SVP of News Standards when needed.

Event planning will also be part of the role! Some of those events will involve planning and programming related to diversity, equality and inclusion efforts across the division.

This is an awesome opportunity that is meant to catapult you into our NBCUniversal Local Development Program (i.e. Reporter Trainee Program, Producer Development Program, Marketing Promo Producer Program, Sales Associate Program, etc.). One of the requirements for this is to successfully perform in the Executive Assistant role for at least 24 months.

Qualifications

Minimum 1 year administrative experience - this can include internship or rotational program experienceProficiency with Microsoft Office products and video conferencing platformsMust be willing to work overtime and be flexible with hoursMust have unrestricted work authorization to work in the United StatesInterested candidates must submit a resume through www.nbcunicareers.com to be consideredHybrid: This position has been designated as hybrid, contributing from the New York, NY office a minimum of three days per week

Desired Characteristics

Desire to establish a career within a news organization, preferably within a local news stationSuperior organizational and administrative skills with the ability to multi-task and prioritize work requiredPleasant personality and fosters team environmentExcellent verbal and written communication skills with all levels both internal and externalAttention to detail and demonstrated initiativeSelf-starter with ability to follow through without supervisionAble to prioritize competing requests and manage busy schedulesAbility to maintain a high level of confidentiality

This position is eligible for company sponsored benefits, including medical, dental and vision insurance, 401(k), paid leave, tuition reimbursement, and a variety of other discounts and perks. Learn more about the benefits offered by NBCUniversal by visiting the Benefits page of the Careers website. Salary range: $60,000-$70,000.

Additional Information

NBCUniversal's policy is to provide equal employment opportunities to all applicants and employees without regard to race, color, religion, creed, gender, gender identity or expression, age, national origin or ancestry, citizenship, disability, sexual orientation, marital status, pregnancy, veteran status, membership in the uniformed services, genetic information, or any other basis protected by applicable law. NBCUniversal will consider for employment qualified applicants with criminal histories in a manner consistent with relevant legal requirements, including the City of Los Angeles Fair Chance Initiative For Hiring Ordinance, where applicable.

If you are a qualified individual with a disability or a disabled veteran, you have the right to request a reasonable accommodation if you are unable or limited in your ability to use or access nbcunicareers.com as a result of your disability. You can request reasonable accommodations by emailing AccessibilitySupport@nbcuni.com.",70000
"We are growing and are looking for a Medical Director to join our team! Generous sign on bonus PLUS relocation package for DVM looking to relocate to NYC. We proudly serve patients from two locations with full in house labs, an updated x-ray machine with the most up to date Sound software and ultrasound machine. 

What You’ll Be Working On

· Build and maintain client relationships

· Diagnose, treat and manage a variety of small animal cases

· Perform small animal surgeries with opportunities for mentorship if desired

· Effectively lead support staff so that owner and patient care is the best in the industry



Qualifications

· Possess a DVM or equivalent degree

· Be licensed or able to be licensed to practice in New York

· Highly motivated, with a demonstrated passion for building relationships

· Excellent verbal and written communication skills

· Strong organization, time management, and attention to detail

You care for animals, let us care for YOU:

Competitive salary with production based bonus PLUS generous sign on bonus of up to $75,000 with relocation package for DVMs looking to come to NYC!



· Flexible 4-day work week and NO ON CALL!

· Highly competitive compensation $180,000 - $210,000 base salary based on experience including;

· Medical, dental and vision coverage

· 3 Weeks PTO

· Paid licensure (DEA, state, local memberships)

· Vin membership

· Experiential life stipend optional

· Advanced Training Options Available (Dental, ultrasound, surgical)

· Retention Bonus

· $5,000 Continuing Education Budget (along with paid CE days)

· Advanced training opportunities (mentorship, dental, ultrasound, surgical)

· Generous pet discount

· Highly skilled veterinary technicians and support staff

· Positive, collaborative culture that emphasizes teamwork and supports personal growth

For more information or to stop in for a quick tour feel free to reach out! We look forward to meeting you. You can email Quisha (m.quisha.brown@gmail.com) call or text 347-686-5713 to connect as well. 

Check us out by visiting our website: https://www.heartofbrooklynveterinary.com/site/home

We are also on social media!IG: @heartofbrooklyn.vh https://www.instagram.com/heartofbrooklyn.vh/Facebook: @Heartofbrooklyn.vh https://www.facebook.com/heartofbrooklyn.vh
",210000
"Stem provides clean energy solutions and services designed to maximize the economic, environmental, and resiliency value of energy assets and portfolios. Stem’s leading AI-driven enterprise software platform, Athena®, enables organizations to deploy and unlock value from clean energy assets at scale. Powerful applications, including AlsoEnergy’s PowerTrack, simplify and optimize asset management and connect an ecosystem of owners, developers, assets, and markets. Stem also offers integrated partner solutions to help improve returns across energy projects, including storage, solar, and EV fleet charging. For more information, visit www.stem.com.

Stem’s culture embodies diversity & inclusion beyond the traditional facets of gender, ethnicity, age, disabilities, and sexual orientation to include experience, personality, communication, workstyles, and more. At our core, Stem is at the momentous intersection of clean energy and software technology where diverse ideas, experiences, and professional skills converge to make the inclusive culture we have today. Together, we are turning old school thoughts about software and energy into progressive, collaborative, and innovative solutions. By joining our team, you will be collaborating with data scientists, energy experts, skilled salespeople, thought-leading executives and more from a range of backgrounds. This intersection of ideas, beliefs, and skills is what makes us unique enough to lead the world’s largest network of digitally connected energy storage systems.

As a Sr. Product Manager – EMS you will be responsible for driving the strategy, development, and delivery of cutting-edge Energy Management System (EMS) solutions for standalone battery energy storage and hybrid solar+storage systems, with an emphasis on large, front-of-the-meter, utility-scale applications. The EMS is responsible for control, monitoring, diagnostics, and alerting of technical and performance issues, and harnesses significant operational experience from Stem’s deployment and Network Operations Center (NOC) teams as well as bridges both cloud software and edge capabilities.

You will contribute to various aspects of product and solution management including engaging customers and internal stakeholders to develop and document product and market requirements, vision, and roadmaps and collaborating closely with the Stem development team on prioritization and product delivery. You will support other Stem teams on the development of go-to-market strategies and sales enablement, including pricing and solution structuring, collateral development, training, providing subject matter expertise in sales engagements, and representing Stem at trade events and conferences.

You will collaborate with numerous internal subject matter and functional experts, and will be comfortable working with Sales, Business Development, Product Marketing, Policy, Finance, Legal, Engineering, and Operations, among others. You are a doer as well as a thinker, who goes beyond the conventional to promote ideas beyond the norm.

Responsibilities

Roadmap and Vision 

Gather, organize, and analyze customer needs, competitive offerings/products, and industry trends regarding EMS for energy storage and hybrid PV applications. Cultivate subject matter expertise on Stem’s existing EMS offerings to inform capability gaps and prioritization of features. Synthesize current state, customer needs, and competitive analysis to inform a phased roadmap and EMS solution vision. Socialize roadmap and vision with internal stakeholders to gain organizational and architectural buy-in in concert with other Stem solution offerings. Enable sales with support in customer engagements for early-stage project opportunities and non-standard deals, where roadmap features will be required for successful project execution. 

Requirements

Develop solution- and market-level requirements and business cases representing customer needs, market motivations, and market share capture. Develop detailed product requirements for both cloud software and edge components in collaboration with technical product management and development stakeholders. Socialize and evolve Athena software integration and UI requirements with software development and architecture stakeholders. Support detailed development planning efforts with contributions to user stories and general subject matter expertise. 

Development

Own and prioritize technical product backlog in development of Stem’s EMS solutions, supporting software and edge products that meet and exceed customer requirements and respond to energy transition needs. Collaborate with the engineering team in the high-level design of data models and software systems. Collaborate with UX designers on user workflows and UI design to produce mockups, interactive prototypes, and documentation. Assess and address technical risks and delivery risks to ensure timely delivery of products and features. Participate in agile processes and ceremonies within the software development team, and follow high standards for automation, quality, and transparency/observability. Collaborate with technical stakeholders to develop documentation for operations and delivery adoption of new technologies. 

Sales Enablement 

Collaborate with marketing stakeholders to develop compelling collateral and content that articulate the differentiated value of Stem’s EMS offerings to partners and customers. Collaborate with marketing and finance to develop the new product packaging/structure, pricing, costing, and relationships with complementary solution offerings by other Stem teams. Develop and deliver training on new or altered EMS solutions to Sales and other teams critical to the sales process. Provide non-standard deal-level support, as needed. 

Solution Promotion 

Develop and publish/deliver thought leadership content in support of EMS solutions, including webinars, white papers, blog posts, etc. Promote Stem’s EMS solutions and value propositions at industry events and conferences: 

Qualification Requirements

Bachelor’s/Master’s degree in engineering, computer science, business, or a related field. 5+ years of experience in product management, product marketing, business development, and/or market entry for software and controls products. 5+ years of hands-on experience in the energy industry, specifically with energy storage, with solar experience a plus. Working knowledge of energy management systems (EMS), battery cell technologies, power conversion systems (PCS), system integration, and long-term service agreements (LTSA) Working knowledge of large-scale, front-of-the-meter edge solutions and requirements for meeting NERC CIP compliance. General knowledge of energy market fundamentals In-depth knowledge of market and utility system integration – e.g., market-based dispatch, scheduling coordinator/entity interfaces, utility DSO and TSO integrations, DNP3, etc. Ability to work autonomously with excellent time management skills, focusing on key outcomes amidst competing priorities and tight deadlines. Ability to think across disciplines and functional expertise. Ability to embrace ambiguity in a fast-paced environment. 

Job Location

This role is remote and can be located anywhere in the United States.

Salary Range

$101,900.00 - $142,750.00

Stem, Inc. is an equal opportunity employer committed to diversity in the workplace and does not discriminate against any employee or applicant for employment because of race, color, sex, pregnancy, religion, national origin, ethnicity, citizenship, sexual orientation, gender identity, age, marital status, disability, genetic information, military status, protected veteran status or any other factor protected by applicable federal, state or local laws.",142750
"691622BR

Introduction

At IBM, work is more than a job - it's a calling: To build. To design. To code. To consult. To think along with clients and sell. To make markets. To invent. To collaborate. Not just to do something better, but to attempt things you've never thought possible. Are you ready to lead in this new era of technology and solve some of the world's most challenging problems? If so, lets talk.

Your Role and Responsibilities

Your role is to manage a team of technical content creators to build technical authoritative content, specifically explainers and tutorials, primarily focused on topics and IBM products related to Data and AI. Your team should leverage internal product enablement, market and academic research, books, top articles and videos on search engines to inform your content. This in-depth research will allow your team to identify content patterns and cross reference information across sources, enabling them to craft authoritative content on search engines. This content should drive organic traffic outcomes to the IBM website as well as progress (i.e. convert) users further down the marketing funnel.


 Drive progress against our annual traffic goals to ibm.com through inbound technical content Manage a team of technical content creators, providing regular feedback to help individuals improve the quality of their work and achieve business outcomes Build and own a data-driven content strategy around your content area by using data from sources, like keyword research, web analytics, and social listening tools, to inform your strategy. You should be able to consume and understand information on complex technology topics from trusted sources to author informational articles and tutorials in a clear and concise manner. Any content produced by the team should avoid buzzwords and business jargon. Partner with product marketing to weave in IBM’s point of view on a specific technology topics Be able to navigate IBM products, like watsonx, to document common industry-related tasks (e.g. using a Jupyter notebook in watsonx.ai to build machine learning models) Collaborate with SEO strategists and user researchers to understand the content needs of our core technical audiences Ensure adoption of IBM standards to develop content that is aligned to our overall Style Guide, ensuring that we show up as one IBM to the market. Be a resource and mentor for more junior members of the team


North America: IBMReferred_NorthAmerica

MCCJBID

Required Technical and Professional Expertise


 You can provide examples where you have provided constructive and critical feedback to teams, enabling individuals to do their best work You can demonstrate how you have led teams in the past and have set data-driven content strategies, which incorporate feedback from adjacent teams. You have experience transforming dense technical topics into engaging, informative and interesting educational materials You enjoy self-driven learning on new technologies You have experience reading and writing code in a programming language, such as Ruby, Python, C++, Java, etc. You have publicly available technical writing samples or videos that have demonstrated high audience reach (e.g. articles/videos that rank on page 1 of SERPs, published articles, etc.) You have experience with Developer communications, like engineering blogs and writing newsletters Able to work independently, with a strong sense of responsibility and commitment to teamwork. You have a volunteer spirit with a 'we succeed as a team' attitude.


Preferred Technical And Professional Expertise


 You enjoy public speaking at meetups, conferences, and internal events


About Business Unit

IBM Corporate Headquarters (CHQ) team represents a variety of functions such as marketing, finance, legal, operations, HR, and more, all working together to solve some of the world's most complex problems, help our clients achieve success and build collaborative work environments for IBMers.

Your Life @ IBM

In a world where technology never stands still, we understand that, dedication to our clients success, innovation that matters, and trust and personal responsibility in all our relationships, lives in what we do as IBMers as we strive to be the catalyst that makes the world work better.

Being an IBMer means you’ll be able to learn and develop yourself and your career, you’ll be encouraged to be courageous and experiment everyday, all whilst having continuous trust and support in an environment where everyone can thrive whatever their personal or professional background.

Our IBMers are growth minded, always staying curious, open to feedback and learning new information and skills to constantly transform themselves and our company. They are trusted to provide on-going feedback to help other IBMers grow, as well as collaborate with colleagues keeping in mind a team focused approach to include different perspectives to drive exceptional outcomes for our customers. The courage our IBMers have to make critical decisions everyday is essential to IBM becoming the catalyst for progress, always embracing challenges with resources they have to hand, a can-do attitude and always striving for an outcome focused approach within everything that they do.

Are you ready to be an IBMer?

About IBM

IBM’s greatest invention is the IBMer. We believe that through the application of intelligence, reason and science, we can improve business, society and the human condition, bringing the power of an open hybrid cloud and AI strategy to life for our clients and partners around the world.Restlessly reinventing since 1911, we are not only one of the largest corporate organizations in the world, we’re also one of the biggest technology and consulting employers, with many of the Fortune 50 companies relying on the IBM Cloud to run their business. At IBM, we pride ourselves on being an early adopter of artificial intelligence, quantum computing and blockchain. Now it’s time for you to join us on our journey to being a responsible technology innovator and a force for good in the world.

Location Statement

IBM offers a competitive and comprehensive benefits program. Eligible employees may have access to: - Healthcare benefits including medical & prescription drug coverage, dental, vision, and mental health & well being - Financial programs such as 401(k), the IBM Employee Stock Purchase Plan, financial counseling, life insurance, short & long- term disability coverage, and opportunities for performance based salary incentive programs - Generous paid time off including 12 holidays, minimum 56 hours sick time, 120 hours vacation, 12 weeks parental bonding leave in accordance with IBM Policy, and other Paid Care Leave programs. IBM also offers paid family leave benefits to eligible employees where required by applicable law - Training and educational resources on our personalized, AI-driven learning platform where IBMers can grow skills and obtain industry-recognized certifications to achieve their career goals - Diverse and inclusive employee resource groups, giving & volunteer opportunities, and discounts on retail products, services & experiences The compensation range and benefits for this position are based on a full-time schedule for a full calendar year. The salary will vary depending on your job-related skills, experience and location. Pay increment and frequency of pay will be in accordance with employment classification and applicable laws. For part time roles, your compensation and benefits will be adjusted to reflect your hours. Benefits may be pro-rated for those who start working during the calendar year. This position was posted on the date cited in the key job details section and is anticipated to remain posted for 21 days from this date or less if not needed to fill the role. We consider qualified applicants with criminal histories, consistent with applicable law. IBM will not be providing visa sponsorship for this position now or in the future. Therefore, in order to be considered for this position, you must have the ability to work without a need for current or future visa sponsorship.

Being You @ IBM

IBM is committed to creating a diverse environment and is proud to be an equal-opportunity employer. All qualified applicants will receive consideration for employment without regard to race, color, religion, sex, gender, gender identity or expression, sexual orientation, national origin, caste, genetics, pregnancy, disability, neurodivergence, age, veteran status, or other characteristics. IBM is also committed to compliance with all fair employment practices regarding citizenship and immigration status.

",259000
"At Manhattan Strategies, our mission is rooted in a simple hypothesis: if you communicate visually, then you maximize your power to compel action. To do it, we combine an attentive communications agency and boldly ambitious design studio. Our work engages challenges ranging in size and maturity, from pre-seed to Fortune 100 companies, and from political campaigns to product launches.
Manhattan Strategies is seeking a Digital Ads & Analytics Manager to elevate the potential of clients no matter their size. The ideal candidate is a professional who is skilled in placing and optimizing paid media campaigns, including on Meta, Google and similar platforms. The Digital Ads & Analytics Manager will also work as a data analyst and is also responsible for scoping, tracking, communicating, and responding to insights.
Qualifications:3-6 years of experience in similar role, in a communications, marketing or advocacy campaign environment3+ years of work experience in programmatic advertising; ConnectedTV, Native, and/or Out-Of-Home experience is a plusDemonstrated ability to manage from concept inception through the implementation of running paid digital advertising campaigns utilizing platforms such as Google Ads, Meta Ads and other relevant channelsExperience media planning and determining the most suitable media mix dependent on client digital campaign objectivesDemonstrated ability to independently manage processes and collaborate in a technical mannerFamiliarity with range of data, monitoring and analysis platforms or interest in learningProficiency with data analysis skills in Excel or Google Sheets or interest in learningAbility to spearhead A/B testing of digital ad campaigns to optimize the program for the audience
Benefits & Compensation:Base salary range is $78,000 to $98,000 per yearBenefits include bonus eligibility, unlimited PTO, paid family leave, healthcare, dental and 401(k) with employer match
About Manhattan Strategies
Manhattan Strategies is a New York-based, award-winning strategic visual communications firm supporting results-driven organizations. We seek to change the paradigm of communication, elevating the strength to voices who advocate for change. We do it by putting a design studio and communication firm under one roof, marrying creative consideration with storytelling that inspires people at the deepest level.",98000
"Job Title: Principal Electrical EngineerJob Location: New York, NYSalary: $225,000Years of Experience: 15+ yearsRecent Industry Experience: Electrical Responsibilities:Provide exceptional leadership for project teams as well as the broader group, driving successful outcomes and ensuring project objectives are achieved.Mentor and coach colleagues, fostering a culture of innovation, creativity, and meaningful delegation within the team.Work closely with clients, architects, and other team members as part of a dedicated and skilled group, collaborating to deliver world-class solutions.Oversee the production of coordinated detailed design drawings, specifications, site observation reports, schedules, and other project deliverables to ensure the highest quality standards.Take ownership of building and sustaining productive client relationships, proactively addressing client needs, and ensuring overall client satisfaction.Direct multiple projects across the group, ensuring the successful implementation of engineering solutions while ensuring financial success.Continually maintain and develop the highest standards of technical quality, staying at the forefront of industry advancements and best practices.Ensure engineering practices, policies, and services align with the client's best interests and comply with current legislation and building codes.Actively contribute to delivering profitable projects, monitoring financial performance, resourcing, and expenditure. Must have:Possess 15+ years of extensive experience in Electrical Engineering design within the building services and construction industry.A bachelor's or master's degree in electrical engineering or a relevant field.A thorough understanding of building codes and mechanical design principles.Proven track record of successful project delivery in various sectors and regions.Excellent technical knowledge of electrical systems, including good technical knowledge of other MEP building systems, with an ability to investigate and provide effective solutions to technical challenges.Familiarity with industry-standard software like Revit for detailed design drawings and analysis tools, such as SKM and SAM, to develop innovative and energy-efficient solutions.Proven experience in a leadership capacity within an MEP Engineering Consultancy or related field. Nice to have:Proven success in business development, client acquisition, and maintaining long-term client relationships.LEED AP accreditation is preferred, reflecting a commitment to sustainable design practices.Professional Engineer (P.E.) or hold equivalent professional certification",
"SUMMARY The Accounts Receivable Analyst is responsible for conducting complex reconciliation activities primarily related to assigned to the customers based in major, national and international markets. The Analyst also analyzes, researches and recommends solutions for moderate to complex account receivable discrepancies, irregularities and chargeback deductions. 
ESSENTIAL DUTIES AND RESPONSIBILITIES Other duties may be assigned.
maintains, processes accounts receivable transactions, including but not limited to cash application, adjustments, reconciliations, and write-offscustomer service regarding collection issues, account adjustments, or payment discrepanciesresearches and resolves high volume of customer deductions/chargebacks pertaining to shipping violation claims, allowances, discounts, damages, pricing, shortages and returnsreports and queries from multiple data platforms and vendor portalsand resolves customer billing inquiries and disputes; escalates to supervisor or manager as neededdirect cash payments to assigned accountsreconciliation analysis on various chargeback deductions (merchandise returns, shortages, pricing, etc.)customer consignment accountsstandardized operational management of consignment billing and paymentsand performs routine and complex financial analysis to support account decision makingdepartment management of outstanding account issueswith internal departments regarding various customer issuesinvalid deductions within the claim's allotted time-frame and per vendor guidelinesa weekly and monthly status reports on assigned accounts.
QUALIFICATIONS proficiencies in Microsoft Office applications. (Excel - Pivot Tables, V-lookups, etc.)in querying and reporting.to develop training manuals for the credit processes.ability to perform in a fast-paced environment.organizational and time management skills; able to handle multiple priorities.possess strong verbal and written communication skills, with attention to detailanalytical and financial acumen.NAV or SAP experience, a plus.
EDUCATION and/or EXPERIENCE Accounting or business degree preferred. A minimum of five years related experience and/or training; or equivalent combination of education and experience.
EEOE",68000
"1126335_RR00090178 Job ID: 1126335_RR00090178

NYU Grossman School of Medicine is one of the nation's top-ranked medical schools. For 175 years, NYU Grossman School of Medicine has trained thousands of physicians and scientists who have helped to shape the course of medical history and enrich the lives of countless people. An integral part of NYU Langone Health, the Grossman School of Medicine at its core is committed to improving the human condition through medical education, scientific research, and direct patient care. At NYU Langone Health, equity, diversity, and inclusion are fundamental values. We strive to be a place where our exceptionally talented faculty, staff, and students of all identities can thrive. We embrace diversity, inclusion, and individual skills, ideas, and knowledge. For more information, go to med.nyu.edu, and interact with us on LinkedIn, Glassdoor, Indeed, Facebook, Twitter and Instagram.

Position Summary

We have an exciting opportunity to join our team as a Research Coordinator.

In this role, the successful candidate The Research Coordinator will work as part of a multidisciplinary team within the Anxiety,

Stress, and Prolonged Grief Program (ASPGP) at the Department of Psychiatry, NYU Langone Health.

The Research Coordinator will be responsible for managing studies focusing on the phenomenology, biology, and treatment of anxiety, grief, and stress related disorders under the direct supervision of the Principal Investigator. The overarching role for the Research

Coordinator is to provide assistance in recruitment of research participants, data entry and analyses, and other support duties in compliance with Good Clinical Practice, HIPAA, and required obligations to participants, the PI, research team, and the sponsor.

Job Responsibilities

Manages federally-sponsored and privately-funded research on the etiology and

treatment of anxiety, traumatic stress disorders, and prolonged grief, including oversight

of research data, organization of regulatory binders, and management of study databases

 Serves as the liaison between the Principal Investigator and Institutional Review Board.

Responsibilities include preparing and modifying ethics committee proposals and

communicating with the IRB regarding ongoing studies. Additionally, the RC crafts IRB

protocols for newly funded studies and investigator-initiated pilot studies.

 Contributes to the administrative and scientific development of grant submissions to

government and foundation sponsors

 Manages budget creation, tracking, and projections in collaboration with institutional

grant administration officials

 Coordinates hiring, onboarding, and training for new postdoctoral fellows, research

coordinators and volunteers

 Drafts progress reports, no-cost extension requests, final reports, communications with

grant sponsors, and other relevant documentation for grant collaborators and sponsors

 Designs and manages advertisement campaigns to recruit specific populations for

research studies

 Performs data entry, cleaning, and analysis Conducts literature reviews for grant submissions and ongoing research work at the

center

 Assists in dissemination efforts on findings of research studies, including preparation of

posters, presentations, and manuscripts

 Conducts phone interviews to assess fit with study inclusion/exclusion criteria and match

participants to studies for initial screening visit

 Observe and assist with treatment groups, as necessary for ongoing treatment studies Provides referrals for patients who do not qualify for current research studies Acts as the primary research contact for patients enrolled in studies Manage patient charts and visit schedules Administers laboratory tests, including vital signs, electrocardiogram, urine toxicology,

and phlebotomy

 Collects and processes patient blood and saliva samples

Minimum Qualifications

To qualify you must have a Bachelor degree or equivalent in business administration, health care administration or related field.

Minimum of two years of progressively responsible project coordination experience, preferably in a research setting.

Proficiency in using various Microsoft Office applications such as Word, Excel, Access, Power Point and Outlook. Familiar with Internet applications.

Effective oral, written, communication, interpersonal skills.

Ability to interface effectively with all levels of management and must work and communicate effectively with both internal and external customers.

Ability to work within a team environment as well as independently.

Commitment to continuous learning as required by department administration.

Ability to operate research related equipment

Ability to work and make decisions independently.

Time management skills and ability to multitask.

Ability to identify, analyze and solve problems: Ability to work well under pressure.

Preferred Qualifications

Clinical Research Coordinator (CRC) Certification is preferred (required in some disciplines).

Knowledge of basic medical terminology is preferred.

Experience Working In An Academic Medical Center Preferred

Statistical knowledge and experience with data management and analysis

Qualified candidates must be able to effectively communicate with all levels of the organization.

NYU Grossman School of Medicine provides its staff with far more than just a place to work. Rather, we are an institution you can be proud of, an institution where you'll feel good about devoting your time and your talents.

NYU Grossman School of Medicine is an equal opportunity and affirmative action employer committed to diversity and inclusion in all aspects of recruiting and employment. All qualified individuals are encouraged to apply and will receive consideration without regard to race, color, gender, gender identity or expression, sex, sexual orientation, transgender status, gender dysphoria, national origin, age, religion, disability, military and veteran status, marital or parental status, citizenship status, genetic information or any other factor which cannot lawfully be used as a basis for an employment decision. We require applications to be completed online.

If you wish to view NYU Grossman School of Medicine's EEO policies, please click here. Please click here to view the Federal ""EEO is the law"" poster or visit https://www.dol.gov/ofccp/regs/compliance/posters/ofccpost.htm for more information.

NYU Langone Health provides a salary range to comply with the New York state Law on Salary Transparency in Job Advertisements. The salary range for the role is $62,400.00 - $69,300.00 Annually. Actual salaries depend on a variety of factors, including experience, specialty, education, and hospital need. The salary range or contractual rate listed does not include bonuses/incentive, differential pay or other forms of compensation or benefits.

To view the Pay Transparency Notice, please click here",69300
"1124955_RR00089104 Job ID: 1124955_RR00089104

NYU Langone Orthopedic Hospital at NYU Langone Health is one of the nation's leading orthopedic and rheumatologic, specialty hospitals dedicated to the prevention and treatment of musculoskeletal diseases. The hospital provides some of the most advanced orthopedic programs in the region for musculoskeletal disorders and the largest pediatric orthopedic program in New York City. The hospital is consistently ranked among the leading orthopedic centers nationwide by U.S. News and World Report. Our expert physicians combine extensive experience and research with the latest technology for bone and joint problems that affect patient's ability to function. We specialize in the following areas: Orthopedic Surgery, Rheumatology, Neurology, and Radiology. At NYU Langone Health, equity, diversity, and inclusion are fundamental values. We strive to be a place where our exceptionally talented faculty, staff, and students of all identities can thrive. We embrace diversity, inclusion, and individual skills, ideas, and knowledge. Learn more about NYU Langone Orthopedic Hospital, and interact with us on LinkedIn, Glassdoor, Indeed, Facebook, Twitter, YouTube and Instagram.

Position Summary

We have an exciting opportunity to join our team as a Executive Assistant.

In this role, the successful candidate is responsible for providing comprehensive support to SVP of LOH Hospital Operations & the Musculoskeletal Strategic Area. Manages daily activities of office functions as liaison to other departments. Deals with confidential information and high level positions on a regular basis. Works under general direction

Job Responsibilities

Performs other duties as assigned.Demonstrates knowledge of the organizations Service Standards and incorporates them into performance of duties.Administrative Support - Provides support services to SVP of Hospital Operations in order to facilitate efficient operation of office. Maintains calendars for both SVP and Administrator for Hospital Operations. Efficiently schedules meetings, conferences, makes all travel arrangements, schedules conference rooms for all hospital personnel as required, updates and maintains filing system, handles departmental time sheets, opens and distributes incoming mail, handles confidential matters with appropriate urgency and discretion, prepares all materials in professional manner through efficient use of staff and technology.Communication/Public Contact - Acts as first point of contact for meeting and greeting personnel (both internal and external). Answers telephones for SVP and other department managers as required; takes messages or field/answer all routine and non-routine questions. Works in cooperation with other Assistants within the department to cover all phones.Liaison - Functions as liaison for all interactions between SVP and rest of organization by providing flexible, efficient and timely responses to the needs of the departments, faculty and staff. Works effectively and interacts independently with internal and external sources to solve problems. Responds in a timely, discrete and confidential manner to all requests concerning sensitive issues.Office Management - Ensures adequate support for office at all times. Establishes and oversees a well-organized functional system of record-keeping. Maintains and regularly updates the office Policy and Procedure Manual. Makes recommendation for SVP for needed office equipment.Vendor Management - Interacts with vendors and suppliers concerning billing, pricing and related discrepancies. Keeps track of office and annual equipment maintenance orders. Checks vendor bills against departmental records and processes them in a timely manner. Investigates discrepancies and resolves issues with the vendor concerning billing and pricing issues. Reviews bill against purchase order or agreement in order to verify its accuracy.Training and Orientation - Orients new staff members. Instructs staff clearly in organization and procedures. Assists with orienting staff thoroughly to workplace (i.e. equipment, location of supplies, etc.) and to other personnel with whom they must relate.

Minimum Qualifications

Bachelor's Degree plus five (5) years of progressive responsible office management or an equivalent combination of education and experience. Proficient in Microsoft Office, Word, Excel and PowerPoint. Effective oral and written communication and interpersonal skills required

Preferred Qualifications

None

Qualified candidates must be able to effectively communicate with all levels of the organization.

NYU Langone Orthopedic Hospital at NYU Langone Health is an equal opportunity and affirmative action employer committed to diversity and inclusion in all aspects of recruiting and employment. All qualified individuals are encouraged to apply and will receive consideration without regard to race, color, gender, gender identity or expression, sex, sexual orientation, transgender status, gender dysphoria, national origin, age, religion, disability, military and veteran status, marital or parental status, citizenship status, genetic information or any other factor which cannot lawfully be used as a basis for an employment decision. We require applications to be completed online.

If you wish to view the NYU Langone Orthopedic Hospital at NYU Langone Health's EEO policies, please click here. Please click here to view the Federal ""EEO is the law"" poster or visit https://www.dol.gov/ofccp/regs/compliance/posters/ofccpost.htm for more information.

NYU Langone Health provides a salary range to comply with the New York state Law on Salary Transparency in Job Advertisements. The salary range for the role is $67,771.14 - $93,704.00 Annually. Actual salaries depend on a variety of factors, including experience, specialty, education, and hospital need. The salary range or contractual rate listed does not include bonuses/incentive, differential pay or other forms of compensation or benefits.

To view the Pay Transparency Notice, please click here",93704
"Overview

The Manager, Player Relations will serve two department needs:

 Primarily support MLS Clubs in building and managing their respective rosters and to ensure compliance with League Rules.  Secondarily support the department in general administrative matters (registration, trades, discovery, payments). 

Responsibilities

 Oversee MLS Club rosters and salary budgets, and advise Clubs on roster/player needs  Interpret and administer MLS Roster & Budget Guidelines  Draft and review contracts for League and Clubs, including, player contracts and loan and transfer agreements for the import/export of players  Assist in management of day-to-day relationship with MLS Players Association and the related labor issues  Assist in preparation and execution of technical committee and league meetings  Assist in preparation for major League Events (e.g., MLS College Showcase, MLS SuperDraft, MLS All-Star Week and MLS Cup)  Manage incoming and outgoing payments (loan/transfer fees, solidarity, training compensation)  Additional responsibilities as assigned. 

Qualifications

 Bachelor’s Degree  5+ years of work experience 

Required Skills

 Strong professional writing skills  Deep knowledge and interest in Major League Soccer, our clubs, players and rules  Strong PowerPoint and presentation-building skills and familiarity with visual-design concepts  Strong interpersonal skills and the ability to effectively communicate during presentations, both written and verbally  Ability to make timely, nuanced recommendations for business decisions based on reasoned analysis and the strategic objectives of the organization  Understanding of player valuation principles, from sports industry or otherwise  Commitment to building positive team environments, and to work effectively within such teams  Organizational and project management skills necessary to support and advise Clubs and League business units, and ensure projects are completed in a timely and effective manner  High level of commitment to quality work product and organizational ethics, integrity and compliance  Outstanding skills in Word and proficiency within Excel 

Desired Skills

 Knowledge and/or experience with international player movement, FIFA structure and regulations  Fluency in Spanish, Portuguese, French and/or Italian  Legal/compliance experience  Ability to travel and to work non-traditional hours, including evenings, weekends, and holidays 

Total Rewards

Starting Base Salary $75,000 - $85,000. MLS/SUM base salaries are contingent upon several factors including individual qualifications, market financials, and operational business needs.

We are committed to providing a Total Rewards package that attracts, supports, engages, and retains talent through the following:

 Benefits – comprehensive and competitive medical, dental, and vision benefits, as well as a suite of programs to promote well-being including a $500 Wellness Reimbursement. A generous PTO offering, and hybrid Office/Remote Work Schedule are also offered to promote Work-Life balance.  Career & Professional Development – on the job training, feedback, and on-going educational opportunities to continue your personal and professional development.  Employee Engagement – office perks, discounts and employee events that go “beyond the traditional paycheck” to make you feel a part of the team and inspire you to elevate the Game. 

We are an equal opportunity employer, and all qualified applicants will receive consideration for employment without regard to race, color, religion, sex, sexual orientation, gender identity or expression, pregnancy, age, national origin, disability status, genetic information, protected veteran status, or any other characteristic protected by law.

We will ensure that individuals with disabilities are provided reasonable accommodation to participate in the job application or interview process, to perform essential job functions, and to receive other benefits and privileges of employment. Please contact us to request accommodation.",85000
"Grade 106

Job Type: Officer of AdministrationBargaining Unit:Regular/Temporary: RegularEnd Date if Temporary:Hours Per Week: 35Standard Work Schedule:Building:Salary Range: 135,000.00 - 155,000.00

The salary of the finalist selected for this role will be set based on a variety of factors, including but not limited to departmental budgets, qualifications, experience, education, licenses, specialty, and training. The above hiring range represents the University's good faith and reasonable estimate of the range of possible compensation at the time of posting.

Position Summary

Clinical Coordinator III - Nurse Practitioner or Physician Assistant will work in the Center for Liver Disease & Transplantation within the Division of Abdominal Organ Transplantation in the Department of Surgery with the Clinical Director of Pediatric Liver Program and Adult and Pediatric Intestinal Transplant Program. The position will work under the direction of the Medical and Surgical Directors Liver and Intestine Transplant Programs, in collaboration with attending surgical and medical staff, data managers, out-patient nurse practitioners, physician assistants, social workers and financial coordinators.

Responsibilities

Coordinate overall medical and surgical management of patients being evaluated and treated by the pediatric liver, pediatric intestine and adult intestine programs.Conduct new evaluations and consultations.Conduct follow-up visits with patients and families and sign and bill notes in a timely fashion.Participate in seeing patient at outreach sites.Provide education about liver and intestinal disease and transplantation for patients and medical center staff.Management of immunosuppressant and regulation of medications in response to laboratory results.Telephone medical advice, interaction with both patients and primary physicians.Participation in patient care and education meetings, quality projects and regulatory audits as needed. Assist in prior authorizations for medications and radiology testing. Other duties as assigned. 

Minimum Qualifications

Minimum education:

Nurse Practitioners: Master of Science in Nursing

Physician Assistants: Graduate of an ARC-PA accredited or New York State Education Department approved PA education program

Minimum Related Experience

NP - 3 years nursing or related experience.

PA - 5 years of related experience

Minimum Licensing/certifications Required Upon Start Date

NYS RN and NP Licenses and ANCC Board Certification.

NYS PA License and NCCPA Board Certification.

BLS, ACLS, PALS (if applicable) Certification

DEA Certification

Minimum Computer Skills

Intermediate to advanced level MS Office skills, experience with EMR.

Other Requirements

Qualifications for Candidates include but are not limited to the following:

Proficiency with technology and social media platforms.Effective interpersonal and communication skills required.

Equal Opportunity Employer / Disability / Veteran

Columbia University is committed to the hiring of qualified local residents.",155000
"Publicis Media UNIT3C is the leading paid social media center of excellence inside of Publicis Groupe. We provide social marketing expertise across a large portfolio of premier and innovative blue chip clients. As social media continues to explode for brand awareness, engagement and commerce, UNIT3C provides the point of view, innovative recommendations and drives results.

Job Description

POSITION SUMMARY

The Social Media Supervisor is responsible for developing innovative social strategies to meet and exceed client business objectives and spearhead social programs. Works with media team to translate the client goals and objectives into actionable items. This role is responsible for leading a group of social media planners while fostering integration/communication across all departments and partner agencies. PLEASE NOTE THIS IS NOT A CONTENT CREATION OR ORGANIC POSTING POSITION.



RESPONSIBILITIESGuide and drive social media strategies for certain client account(s) and help to set overall objectivesBuild, maintain and grow client relationships and client businessOversee, author and/or constructively edit and review the writing of social media documents (timelines, POVs, RFPs, plans, agreements, client memos, and correspondence from within and outside the agency).Prepare plan presentations and oversee preparation of social media plan presentation elementsSupervise, direct and review the development and implementation of specified social media plansLead weekly social media meetings with clients and provide insight into weekly online media resultsWork closely with influencer and content teams on paid activation of custom contentDevelop, plan and execute social test and learns, specifically around social commerce activationBuild and maintain relationships with social media publishers and internal agency counterpartsUnderstand and adopt new social media trends and/or processes for clients and for UNIT3CMaintain knowledge of current social media trends and provide training to UNIT3C employeesDevelop a successful team of social media planners through coaching and mentoringParticipate in Publicis / UNIT3C Management Training Programs; using learned leadership skills to develop self and teamOther responsibilities, as assigned

REPORTS TOReports to VP, SocialThis position will have 1-2 direct reports

Qualifications

EXPERIENCEExtensive experience working with native social media ad platforms (Facebook, TikTok, Snapchat and Pinterest are priorities) with extensive knowledge in full funnel capabilities and objectives (awareness, traffic and sales)Experience with social commerce capabilities and ad formats across all social platforms. Experience with commerce tracking capabilities, such as Amazon Attribution, a plusExperience with campaign management/ad serving technology (i.e. Double Click, Double Verify, Google Analytics, etc.)Required PC proficiency and solid working knowledge of Microsoft Office (MS Word, Excel, PowerPoint)Advanced skills in Excel (pivot tables and macros)Experience analyzing social data and market researchStrong leadership and managerial skills, guiding the junior staffMust be a self-starter, with strong planning and organizational skills and the ability to work with minimal directionStrong time-management and organizational skillsStrong communication and negotiation skillsProven ability to develop and maintain strong professional relationships with clients, colleagues, and vendorsExperience managing multiple, competing priorities, duties and/or projects

REQUIREMENTSBachelor’s degree3+ years of social media planning and buying experience, preferably at an advertising or media agency

Additional Information

Compensation Range: $70,000 - $90,000 annually. This is the pay range the Company believes it will pay for this position at the time of this posting. Consistent with applicable law, compensation will be determined based on the skills, qualifications, and experience of the applicant along with the requirements of the position, and the Company reserves the right to modify this pay range at any time. For this role, the Company will offer medical coverage, dental, vision, disability, 401k, and paid time off. The Company anticipates the application deadline for this job posting will be 5/23/2024.

All your information will be kept confidential according to EEO guidelines

LI-Hybrid

#24-4955",90000
"Company Description

Visa is a world leader in digital payments, facilitating more than 215 billion payments transactions between consumers, merchants, financial institutions and government entities across more than 200 countries and territories each year. Our mission is to connect the world through the most innovative, convenient, reliable and secure payments network, enabling individuals, businesses and economies to thrive.

When you join Visa, you join a culture of purpose and belonging – where your growth is priority, your identity is embraced, and the work you do matters. We believe that economies that include everyone everywhere, uplift everyone everywhere. Your work will have a direct impact on billions of people around the world – helping unlock financial access to enable the future of money movement.

Join Visa: A Network Working for Everyone.

Job Description

Job Description

The Global Data Office

With data being the fuel that drives our future - our strategies, policies, and business successes around data will define our future growth prospects. Unlocking the value available through the innovative use of data on behalf of consumers, businesses, and communities is key to our future. With our ongoing commitment to Visa’s Data Values and the responsible use of data, we at Visa have a bold vision to continue to grow and accelerate our data-related businesses and capabilities. Led by Visa’s first Chief Data Officer, the Global Data Office coordinates high-impact, complex, company-wide projects related to data business strategy, critical investments, policy development, and marketplace execution. Working closely with Visa’s Chief Privacy Officer, the Technology organization, the wider data community, and the full set of Visa’s global lines of business, the Global Data Office is evolving Visa’s data-related work with momentum and enthusiasm. Driven by its commitment to trusted use of data, Visa is seeking enthusiastic leaders who are change-agents and passionate about the future of data around the world. 

Global AI & Data Innovation Division

The newly established Global AI & Data Innovation division within the Global Data Office is unleashing new opportunities at Visa by 1) developing and driving the business strategy for AI / Gen AI and Data Innovation, 2) driving the development of novel AI / GenAI / Data Science technologies, 3) leading data product development to create value for clients and partners, and 4) driving innovative application of AI / data science to solve business problems among other Innovation activities. The Global AI & Data Innovation division includes the following teams: Visa Functions and Products Data Science, Visa Data Products (Visa Analytics Platform, Merchant & Government Solutions), Data Science Innovation, AI Governance, GenAI Data Assets, AI Project Management Office, and Innovation Initiatives. 

Job Description

AI / Generative AI represent a remarkable technological advancement with profound impact on the corporate landscape and a promise of increased worker efficiency. However, its effective utilization is contingent upon the availability of high-quality content for the right AI solutions and the right internal audiences. The Global Data Office is leaning into new Gen AI opportunities and seeking talent to enable transformation. The strong strategic and operational management of Visa documents and data for use with our emerging set of Gen AI tools will be critical. The Sr. Director role will have an exciting set of responsibilities at the frontier of driving Gen AI adoption and information stewardship. This role will be a critical catalyst for innovation in the use of Gen AI. Reporting to the VP for Global Artificial Intelligence and Data Innovation, and part of Visa’s Global Data Office, the new role will be responsible for establishing and guiding a team of full-time employees and short-term contractors to execute on strategic priorities for enabling access to Visa’s valuable document and data assets. The Sr. Director role will drive an immediate readiness agenda for driving access to Visa documents and data assets as well as developing the longer-term strategy for Gen AI adoption and the required supporting cultural transformation. Serve as a member of the Global AI and Data Innovation leadership team, and will be a critical catalyst for data innovation, maximizing the internal impact from AI and Gen AI technologies and capabilities in a way that aligns with our Data and AI principles. 

Essential Responsibilities For This Job

Lead the establishment of clear, evergreen framework to categorize and index all Visa documents (across various enterprise-wide platforms) for the right audiences thorugh internal AI applications. Define a structured approach to addressing the component parts of our document framework, formulate relevant hypotheses and supporting project work steps Champion a document stewardship program to support Visa’s productivity goals Drive effective implementation and evolution of go-forward document governance for access and use based on document content, confidentiality, and access requirements. Create a world-class team of engaged professionals excited to write the next chapter of Visa’s AI & Data Innovation. This core unit that can quickly mobilize, embrace agile work, and execute with exemplary teamwork. The team should be known for their impact on employee productivity and enabling colleagues. Lead cross-functional coordination of a sophisticated internal employee education roll-out campaign and ongoing support program Drive change through creative, novel, disruptive, but highly practical and implementable solutions to the challenges faced Partner with Technology to develop the required technological solutions to automate key document management functions and the evolving Visa Library capabilities to support our Visa Gen AI tools Monitor and understand global AI solutions landscape for deployment and application of internal knowledge to bring the best solutions and best practices to the Visa ecosystem. Lead the hunt, onboarding, management, and adoption of internal and external solutions to enterprise document and library management needs 

Competencies

A self-starter leader, detail-oriented problem solver, team builder, change agent and global cross-functional collaborator who loves to work with complex data technologies. Ideal candidates would be skilled in both hard and soft skills of AI and Change Management. 

Leader

Experience attracting, growing and retaining world-class talent, leading and operating highly efficient and engaged teams that get things done. Highly adaptive, comfortable working within a complex, and often ambiguous, environment. Equally capable of thriving with changing circumstances, and to lead through the noise. Self-starter, detail and process oriented Self-starter who can responsibly advance work and is comfortable making sound, well-informed judgement calls for progress, without needless delays. Experience standing up new functions and processes in highly complex and collaborative global environments. High attention to detail and quality with a resound commitment to accountability. 

Collaborator

Strong interpersonal and leadership skills to influence and build credibility with senior leaders across a federated organization, despite sometimes competing priorities. Proactive and effective communicator. Experienced at presenting information to senior levels, with ability to facilitate group discussions and debate and proven ability to influence and communicate effectively across geographic and functional lines (whether virtual or in-person). Exceptionally skilled at keeping complex issues clear, simple, and user friendly. Ability to successfully lead complex projects and processes with multiple stakeholders in an unstructured and sometimes ambiguous environment, translating highly complex technology, technical concepts and issues into language understandable by cross-functional stakeholders. 

AI / Data Science

Need broad technical knowledge and depth on AI / ML / Data Science to liaise with technical teams execute on responsibilities listed above effectively. Need experience working with knowledge management and Generative AI solutions 

This is a hybrid position. Hybrid employees can alternate time between both remote and office. Employees in hybrid roles are expected to work from the office 2-3 set days a week (determined by leadership/site), with a general guidepost of being in the office 50% or more of the time based on business needs.

Local Law 144 Notice for New York City Resident Applicants: For some requisitions, automated employment decision tools ('AEDTs') may be used as part of the assessment process to assist our recruiters in the initial evaluation of your application. If your application is submitted pursuant to New York City Local Law 144, you may request an alternative assessment from the recruiter. Please visit the Visa Global Privacy Notice to learn how we may collect, process, or retain your professional and employment information for recruiting purposes.

Qualifications

Basic Qualifications:

10 or more years of work experience with a Bachelor’s Degree or at least 8 years of work experience with an Advanced Degree (e.g. Masters/ MBA/JD/MD) or at least 3 years of work experience with a PhD

Preferred Qualifications:

12 or more years of work experience with a Bachelor’s Degree or 8-10 years of experience with an Advanced Degree (e.g. Masters, MBA, JD, MD) or 6+ years of work experience with a PhDIdeal candidates would have experience with the implementation of knowledge frameworks and solutions for GenAI applications. Advanced knowledge of Microsoft Suite of Office Tools. Advanced knowledge of AI / Generative AI / Data Science. Advanced project management skills with the use of Project Management software. Curious and lifelong learner who keeps us to date on emerging trends and technology. Successful track record of operating cross-functionally, ideally in a federated enterprise design. Proven ability to work under deadlines and manage multiple projects with evolving requirements. Team player possessing a strong drive to add value to the business direction. Ability to influence the organization in order to make strategy happen. 

Additional Information

Work Hours: Varies upon the needs of the department.

Travel Requirements: This position requires travel 5-10% of the time.

Mental/Physical Requirements: This position will be performed in an office setting. The position will require the incumbent to sit and stand at a desk, communicate in person and by telephone, frequently operate standard office equipment, such as telephones and computers.

Visa is an EEO Employer. Qualified applicants will receive consideration for employment without regard to race, color, religion, sex, national origin, sexual orientation, gender identity, disability or protected veteran status. Visa will also consider for employment qualified applicants with criminal histories in a manner consistent with EEOC guidelines and applicable local law.

Visa will consider for employment qualified applicants with criminal histories in a manner consistent with applicable local law, including the requirements of Article 49 of the San Francisco Police Code.

U.S. APPLICANTS ONLY: The estimated salary range for a new hire into this position is 192,300.00 to 250,000.00 USD per year, which may include potential sales incentive payments (if applicable). Salary may vary depending on job-related factors which may include knowledge, skills, experience, and location. In addition, this position may be eligible for bonus and equity. Visa has a comprehensive benefits package for which this position may be eligible that includes Medical, Dental, Vision, 401 (k), FSA/HSA, Life Insurance, Paid Time Off, and Wellness Program.",250000
"Description

A&M is a group of entrepreneurial, action and results-oriented professionals who take a hands-on approach to solving our clients' problems and assisting them in reaching their potential. Our culture celebrates independent thinkers and doers who can positively impact our clients and shape our industry. The collaborative environment and engaging workguided by A&M's core values of Integrity, Quality, Objectivity, Fun, Personal Reward, and Inclusive Diversityare why our people love working at A&M.

We provide tax, turnaround management, restructuring, performance improvement, and corporate advisory services. Our tax practice is unique in that we offer the opportunity to work without audit conflict and truly act a trusted business advisor. We provide our teams with opportunities and support to develop and cultivate careers that are most meaningful to them and reward them based on their achievements.

We are seeking a Senior Associate for our growing International Tax practice. In this role, you will work with experienced partners and teams in the United States and globally on complex international tax matters to add value for clients while being a trusted advisor. If you are a strategic thinker and like to solve complex international tax issues, you should consider a career in A&M International Tax Practice.

What Will You Be Doing?

As a Senior Associate within International Tax you will:

Identify the impact of key international tax provisions (e.g., Section 965, Section 951A, Section 59A, Section 163(j)) on large scale operational business changesModel transaction scenarios across jurisdictions to identify tax efficiencies and incentives opportunities associated with global corporate supply chain transformationsIdentify multinational/cross-border tax issues and opportunities and coordinate with local country tax advisors to manage delivery of integrated global tax adviceLead the preparation of U.S. International Tax filings such as Forms 5471, 8865, 8858, 8992 for various multinational clientsPerform IP migrations, entity rationalization, post-acquisition integration and operational planning, international M&A, debt structuring and foreign tax planning for large multinational companiesPerform international tax due diligence and identify matters to be addressed post-closingReview and prepare international tax opinions and memorandums.Review and prepare international tax compliance and accounting for income taxes.Attend client calls to understand critical areas of importance and apply tax technical knowledge to specific client situationsCreate deliverables that are concise, complete and address the elements deemed critical by the clientWork as part of a multidisciplinary team and clearly communicate work plan, project objectives, and timelinesMentor Associates when they are supporting the same projects by delegating appropriate tasks, ensuring they complete tasks efficiently and sharing best practicesBuild client relationships and demonstrate a working knowledge of client businesses; with opportunity to assume additional responsibility quicklyIdentify opportunities to provide additional services to existing clients by using working knowledge of client businessesBuild internal relationships with other members of the Federal Tax team and the greater A&M firmValue diversity of perspectives and creates opportunities for individuals to feel comfortable contributingAssist with business development, including add-on work by creating business development resources and proposal materials


How will you grow and be supported?

At A&M, we know our people drive our growth, and we're focused on providing an employee experience that supports professional and personal development. We provide our team with a robust performance development process which encourages continuous learning and development that rewards you for your contributions. We have the best technical and formalized on-the-job training and offer endless opportunities for professionals to acquire new skills. We also prioritize your well-being and provide personal tools and resources to support you through your personal journey. Click to learn about our commitment to your well-being. Our Tax professionals consistently share their favorite attributes of A&M are the growth opportunities, our unique, entrepreneurial culture and of course, the fun we have together. The possibilities are endless for high performing and passionate tax professionals.Click to learn more about why A&M is a great place work.

Qualifications:

Bachelors degree in Accounting or a Juris Doctorate (JD), Master of Laws (LLM), or Master's degree in Accounting or Taxation fieldCPA or Licensed Attorney2+ years of International Tax experienceExcellent verbal and written communication skills including the ability to articulate complex information clearly and conciselyExcellent research, writing, and analytical skillsStrong communication, presentation, project management, and business development skillsOIT or return software experience is a plusExperience with all Microsoft Office products (with an emphasis on Excel)Ability to simultaneously work on several projects and effectively manage deadlinesHigh motivation to learn and growDetail-oriented and possess strong organizational skills


The salary range is $85,000 - $105,000 annually, dependent on several variables including but not limited to education, experience, skills, and geography. In addition, A&M offers a discretionary bonus program which is based on a number of factors, including individual and firm performance.Please ask your recruiter for details.

Diversity & Inclusion

A&M’s entrepreneurial culture celebrates independent thinkers and doers who can positively impact our clients and shape our industry. The collaborative environment and engaging work—guided by A&M’s core values of Integrity, Quality, Objectivity, Fun, Personal Reward, and Inclusive Diversity—are the main reasons our people love working at A&M. Inclusive Diversity means we embrace diversity, and we foster inclusiveness, encouraging everyone to bring their whole self to work each day. It runs through how we recruit, develop employees, conduct business, support clients, and partner with vendors. It is the A&M way.

Equal Opportunity Employer

It is Alvarez & Marsal’s practice to provide and promote equal opportunity in employment, compensation, and other terms and conditions of employment without discrimination because of race, color, creed, religion, national origin, ancestry, citizenship status, sex or gender, gender identity or gender expression (including transgender status), sexual orientation, marital status, military service and veteran status, physical or mental disability, family medical history, genetic information or other protected medical condition, political affiliation, or any other characteristic protected by and in accordance with applicable laws. Employees and Applicants can find A&M policy statements and additional information by region here.

Unsolicited Resumes from Third-Party Recruiters

Please note that as per A&M policy, we do not accept unsolicited resumes from third-party recruiters unless such recruiters are engaged to provide candidates for a specified opening and in alignment with our Inclusive Diversity values. Any employment agency, person or entity that submits an unsolicited resume does so with the understanding that A&M will have the right to hire that applicant at its discretion without any fee owed to the submitting employment agency, person or entity.

",105000
"You Lead the Way. We’ve Got Your Back.

With the right backing, people and businesses have the power to progress in incredible ways. When you join Team Amex, you become part of a global and diverse community of colleagues with an unwavering commitment to back our customers, communities and each other. Here, you’ll learn and grow as we help you create a career journey that’s unique and meaningful to you with benefits, programs, and flexibility that support you personally and professionally.

At American Express, you’ll be recognized for your contributions, leadership, and impact—every colleague has the opportunity to share in the company’s success. Together, we’ll win as a team, striving to uphold our company values and powerful backing promise to provide the world’s best customer experience every day. And we’ll do it with the utmost integrity, and in an environment where everyone is seen, heard and feels like they belong.

Join Team Amex and let's lead the way together.

The Global Advertising and Brand Management (GABM) organization has a mission to create marketplace demand and drive commerce for American Express through differentiated and innovative products, partnerships, marketing, and customer experiences.

OnBrand – American Express’ In-House Creative agency – is on a journey of exciting expansion. Our ambition is to “Become creative partner-of-choice to build seamless customer experiences for our Business Units, essential for driving results and unlocking value through deeper knowledge of our business, powered by industry-defining creative excellence”. We are focused on developing forward thinking ideas and work across channels, end-to-end experiences in digital and beyond.

Role:

The Branded Environments team is responsible for setting the vision for how the American Express brand is expressed in physical spaces and 3D applications, drawing upon the brand’s visual identity and strategic principles, and ultimately building brand value. The team manages branding and design from concept through construction, ensuring the design intent and desired brand experience remain intact.

The Senior Manager – Branded Environments will be responsible for leading the design strategy and development of Card Member facing physical spaces, primarily in airports and travel-related segments. They will work in tandem with an existing team of managers leading branded environments projects across the globe.

Responsibilities will include:

Collaborate with internal American Express teams and external agencies to optimize our Card Member spaces, leveraging design as a catalyst to continuously bring the brand to life in new and memorable waysManage the environmental brand direction and design oversight for all stages of design throughout: Existing space audit Conceptual design Design development Drawing reviews and submittals Construction / fabrication Post-construction and punchLiaise with interior design agency and architect partners as they interpret and execute on our design vision – creative briefing, defining project asks, providing design direction, sharing feedback in a thoughtful and timely manner, creating requests for proposals, and providing status updatesSupport internal American Express business units (product, operations, and real estate) with design status updates, planning exercises, and timely deliverablesPrepare leadership presentations with relevant information and demonstrate clear strategic perspectiveParticipate in all team meetings, reviews, phone calls, and communication between project teams

Qualifications:



7-10 years of experience in commercial interior design, branded environmental design, or similar discipline

Passionate, curious, and knowledgeable about great branded hospitality environments and experiencesStrong sense of design principles and understanding of permanent physical space design with a brand lensAbility to craft and communicate a purposeful design narrative that drives feedback and the decision-making processFamiliarity with space planning, floorplans, furniture planning, and adjacencies Understanding of production and construction processes, including documentation, timelines, budgeting, and terminologyAbility to read and interpret interior / architectural design drawings, construction drawings, and technical documentationGeneral knowledge of furniture and material specificationsUnderstanding of cost analyses, risks, tradeoffs, and prioritizationAbility to clearly communicate design solutions both verbally and visually to influence stakeholders with varying degrees of subject matter expertiseAbility to manage multiple projects in various phases simultaneously, meeting budget and timeline expectations

Requirements

Ability to travel 25% of time Bachelor’s degree in design, architecture, or similarCase studies/portfolio demonstrating ability to lead environmental / interior design initiatives and deliver best-in-class design solutions

Salary Range: $80,000.00 to $155,000.00 annually + bonus + benefits

The above represents the expected salary range for this job requisition. Ultimately, in determining your pay, we'll consider your location, experience, and other job-related factors.

Employment eligibility to work with American Express in the U.S. is required as the company will not pursue visa sponsorship for this position.

We back our colleagues and their loved ones with benefits and programs that support their holistic well-being. That means we prioritize their physical, financial, and mental health through each stage of life. Benefits include:

Competitive base salaries Bonus incentives 6% Company Match on retirement savings plan Free financial coaching and financial well-being support Comprehensive medical, dental, vision, life insurance, and disability benefits Flexible working model with hybrid, onsite or virtual arrangements depending on role and business need 20+ weeks paid parental leave for all parents, regardless of gender, offered for pregnancy, adoption or surrogacy Free access to global on-site wellness centers staffed with nurses and doctors (depending on location) Free and confidential counseling support through our Healthy Minds program Career development and training opportunitiesAccess to Amex Marketing U, a unique learning and development program built for marketers, by marketers. Amex Marketing U inspires marketers to develop their career through innovative learning experiences and opportunities that foster collaboration and knowledge sharing across the enterprise.

For a full list of Team Amex benefits, visit our Colleague Benefits Site.

American Express is an equal opportunity employer and makes employment decisions without regard to race, color, religion, sex, sexual orientation, gender identity, national origin, veteran status, disability status, age, or any other status protected by law.

We back our colleagues with the support they need to thrive, professionally and personally. That's why we have Amex Flex, our enterprise working model that provides greater flexibility to colleagues while ensuring we preserve the important aspects of our unique in-person culture. Depending on role and business needs, colleagues will either work onsite, in a hybrid model (combination of in-office and virtual days) or fully virtually.

US Job Seekers/Employees - Click here to view the “Know Your Rights” poster and the Pay Transparency Policy Statement.

If the links do not work, please copy and paste the following URLs in a new browser window: https://www.dol.gov/agencies/ofccp/posters to access the three posters.",155000
"Who We Are

At Justworks, you’ll enjoy a welcoming and casual environment, great benefits, wellness program offerings, company retreats, and the ability to interact with and learn from leaders in the startup community. We work hard and care about our most prized asset - our people.

We’re helping businesses get off the ground by enabling them to focus on running their business. We solve HR issues. We’re data-driven and never stop iterating. If you’d like to work in a supportive, entrepreneurial environment, are interested in building something meaningful and having fun while doing it, we’d love to hear from you.

We're united by shared goals and shared motivations at Justworks. These are best summed up in our company values, which are reflected in our product and in our team.

Our Values

If this sounds like you, you’ll fit right in.

Who You Are

You take pride in your concise and professional communications. You can often figure out what needs to be done and how to do it, before anyone asks. You can hold your own with senior people inside and outside of a company. You have strong situational awareness and can distill what is truly important. You have a friendly and approachable demeanor, and you enjoy working with employees across all departments.

As an Executive Assistant, you will be an integral support for our senior leadership team. You will provide broad-based administrative support to a senior leadership team with a major emphasis on scheduling and execution. You will interact with other high-level people and companies outside of Justworks. We work hard and have high standards, and will expect the same of you.

Your Success Profile

What You Will Work On

Handle sensitive matters that require the utmost confidentialityManage multiple members of the senior leadership team’s schedule, arrange and prioritize appointments and contact requests, resolve calendar conflicts, and negotiate rescheduling as necessary, both for internal and external coordinationKeep the flow of meetings during the dayDrive and coordinate complex team and company eventsLead coordination of team meetingsCollate and distribute content for meetingsArrange detailed travel plans, itineraries, and agendasUnderstand company and team prioritiesDrive or assist with other projects as needed; we are growing fast, and we take pride in rolling up our sleevesPerform other related duties as assigned


How You Will Do Your Work

As an Executive Assistant, how results are achieved is paramount for your success and ultimately result in our success as an organization. In this role, your foundational knowledge, skills, abilities and personal attributes are anchored in the following competencies:

Clear communication - the ability to articulate thoughts and express ideas effectively using oral, written, visual and non-verbal communication skills, as well as listening skills to gain understanding.Detail-oriented - exercises extreme attention to detail; is thorough, accurate, organized, and productive and seeks to understand both the cause and effect of a situation.Initiative and motivation - identifying what needs to be done and doing it before being asked or before the situation requires it.Balances stakeholders - understands internal and external stakeholder requirements, expectations, and needs and acts fairly despite conflicting demands of stakeholders.Good judgment - the exercise of critical thinking, analyzing and assessing problems and implications, identifying patterns, making connections of underlying issues, understanding risks and developing mitigation strategies, and taking ownership of the outcome.


In addition, all Justworkers focus on aligning their behaviors to our core values known as COGIS. It stands for:

Camaraderie - Day to day you can be seen working together toward a higher purpose. You like to have fun. You’re an active listener, treat people respectfully, and have a strong desire to know and help others.Openness - Your default is to be open. You're willing to share information, understand other perspectives, and consider new possibilities. You’re curious, ask open questions, and are receptive to thoughts and feedback from others.Grit - You demonstrate grit by having the courage to commit and persevere. You’re committed, earnest, and dive in to get the job done well with a positive attitude.Integrity - Simply put, do what you say and say what you'll do. You’re honest and forthright, have a strong moral compass, and strive to match your words with your actions while leading by example. Simplicity - Be like Einstein: “Everything should be made as simple as possible, but no simpler.” 


Qualifications

Minimum of 5+ years of experience in an administrative assistant and/or executive assistant roleExperience handling multiple calendars and booking travelExcellent verbal and written communication skillsExcellent organizational and time management skillsStrong situational awareness - you are able to distill what is truly importantStrong command of productivity tools like Word, Excel and PowerPointWillingness to do any task, no matter how smallProactive and self-directed


The base wage range for this position based in our New York City Office is targeted at $86,000.00 to $94,600.00 per year.

Actual compensation is based on multiple factors that are unique to each candidate, including and not limited to skill set, level of relevant experience, and specific work location. Salary ranges for positions based in other locations may differ based on the cost of labor in that location.

For more information about Justworks’ Total Reward Philosophy, including all of the perks and benefits we are proud to offer our team members, please visit Total Rewards @ Justworks.

Diversity At Justworks

Justworks is committed to maintaining a workplace where diversity of identity, culture, and life experience is the norm and is celebrated authentically and respected consistently. Diversity in our work, our people, and our product drives creativity and innovation, entrepreneurial leadership and integrity, competitiveness, and collaboration throughout our business and in the market. We depend on our differences to make our team stronger, our workplace more dynamic, and our product accessible to all of our customers.

We’re proud to be an equal opportunity employer open to all qualified applicants regardless of race, color, ancestry, religion, sex, national origin, sexual orientation, age, citizenship, marital or familial status, disability, pregnancy, gender identity or expression, veteran status, genetic information, or any other legally protected status.

Our DEIB Report and Our DEI Commitment

",94600
"# 159537 - New York, New York, United States

Who We Are

Colgate-Palmolive Company is a caring, innovative growth company that is reimagining a healthier future for all people, their pets and our planet. Focused on Oral Care, Personal Care, Home Care and Pet Nutrition, we sell our products in more than 200 countries and territories under brands such as Colgate, Palmolive, elmex, hello, meridol, Sorriso, Tom’s of Maine, EltaMD, Filorga, Irish Spring, PCA SKIN, Protex, Sanex, Softsoap, Speed Stick, Ajax, Axion, Fabuloso, Soupline and Suavitel, as well as Hill’s Pet Nutrition.

We are recognized for our leadership and innovation in promoting sustainability and community wellbeing, including our achievements in decreasing plastic waste and promoting recyclability, saving water, conserving natural resources and improving children’s oral health.

If you want to work for a company that lives by their values, then give your career a reason to smile and join our global team!

The Experience

In today’s dynamic environment, it is an exciting time to be a part of the leadership team at Colgate to meet the ambitious growth and transformation goals.

As the Director, Insights Enterprise Oral Care (EOC) you will:

Have primary accountability for the development of consumer insights and understanding of the Oral Care category dynamics across markets, and for using this in business decision-making and strategy development to achieve business goals of growth and profit. As the Insights Lead you will work collaboratively amongst the team uncovering and communicating key insights, context and actionable strategies for business growth.

As a key member of the Global Insights and Analytics extended leadership team, the incumbent will bring a combination of modern, data-driven insights approaches, strong eye for business, and outstanding communication skills.

Your responsibilities are:

Develop deep, actionable consumer insights for the global oral care category, by understanding consumer segments, people journeys, need spaces, brand equity, the competitive landscape, white spaces, etc. and weaving together disparate sources into a comprehensive 360 view of the consumer and category. Drive the evolution and modernization of insights capabilities for the Oral Care category at Colgate, infusing consumer insights with the analysis of real-time data and behavioural analytics (social listening, ratings & reviews, search, consumer feedback, etc.) to enable better and faster decisions on innovation, communication, brand health, etc. Build a future focus, driven by people centricity and consumer obsession, to help anticipate consumer behaviors and trends that will craft the oral care category, and connect them to actionable, strategic opportunities for CP. Combine market scans with a deep understanding of trends and the consumer to identify innovation opportunities and emerging technologies and benefits. Align the department’s focus and efforts with the organization’s broader goals and strategies, playing an active role in strategic decision-makingThink and act with a business lens, delivering actionable consumer and business insightsInfuse consumer centricity into every aspect of the organizationEnsure Insights is known and valued for subject matter expertise, steadfast curiosity, creativity and innovation, objectivity, actionable storytelling, technical excellence, business insight, strategic approach, thought leadership, and a passion for changeImprove the impact and engagement of their team through inspiring leadership, talent management, and individual and team developmentServe as a strategic business and thought partner for senior executives across marketing and commercial teamsIn partnership with global insights, identify function training needs, team development plans, and succession plansDevelop a fact-based approach to primary research, secondary research, and business analytics including development of innovation pipeline/roadmap, and marketing/communication plans by defining and driving both scanner data analysis and custom research projects and translating these into key insights and recommendations for the Oral Care category. 

Required Qualifications:

Bachelor's DegreeAt least 12+ years of experience or 10+ Master's or MBA in insights and analytics organizations with at least the last 5 years spent in leadership rolesDeep understanding of key insights methodologies (segmentation, etc.) and analytics methodologies (MMM, price elasticity, etc.) and a clear understanding of the capabilities and limitations of various techniquesGenuinely curious and self-motivated; ready to solve customer problems through creative research design and analysisHighly organized, with an ability to juggle multiple projects at any given time without sacrificing quality/nuanceProven ability to optimally build partnerships and influence partners and decision making at all levels of a complex global organization, preferably in the consumer goods spaceStrong analytic skills - not just reporting directly on data, but making linkages between answers and contextualizing with other inputs to “read between the lines”Able to drive business value through effective communication skills. Must be able to work effectively in a fast-paced, dynamic environment and collaborate with multiple partners. Ability to mentor, develop and lead teams towards meeting business objectives. Strong team/people leadership to inspire others to action and influence across functions and levels, including senior leadership. Executive presence is a must and the ability to effectively communicate through verbal and written formats. Strong presentation skills with ability to take very technical concepts and translate to business value to various audiences. 

Compensation And Benefits

Salary Range $150,000.00 - $191,000.00 USD

Pay is based on multiple non-discriminatory, individualized factors including but not limited to experience, job-related knowledge and education, skills and office/market location. In addition to base salary, salaried employees are eligible for annual discretionary bonuses, profit-sharing and, for Executive-level (salary grade 16 and above) roles only, long-term incentives in the form of Restricted Stock Units and/or Stock Options.

Subject to the terms and conditions of the applicable benefits plans then in effect, all salaried employees are also eligible for a competitive benefits package which includes:

Insurance: Employees (and their eligible dependents) are eligible to participate in Company-sponsored Medical, Dental, Vision, Basic Life Insurance, Accidental Death & Dismemberment and Disability insurance plans. Retirement Plans: Employees are eligible to enroll in Colgate's 401(k) plan, which provides for company matching contributions subject to eligibility requirementsVacation/PTO: Employees receive a minimum of 15 days of vacation/PTO leave annuallyPaid Holidays: Employees receive a minimum of 13 paid/floating holidays annuallyPaid Sick Leave: Based on location and consistent with applicable state and local law, employees receive a minimum of 40 hours of paid sick leave on January 1st of each yearPaid Parental Leave: Eligible employees may take up to eight weeks of paid parental leave and 12 weeks of unpaid leave (varies for employees with fewer than 12 months of service and is subject to hours worked requirements)

Our Commitment to Sustainability

With the Colgate brand in more homes than any other, we are presented with great opportunities and new challenges as we work to integrate sustainability into all aspects of our business and create positive social impact. We are determined to position ourselves for further growth as we act on our 2025 Sustainability & Social Impact Strategy.

Our Commitment to Diversity, Equity & Inclusion

Achieving our purpose starts with our people — ensuring our workforce represents the people and communities we serve —and creating an environment where our people feel they belong; where we can be our authentic selves, feel treated with respect and have the support of leadership to impact the business in a meaningful way.

Equal Opportunity Employer

Colgate is an equal opportunity employer and all qualified applicants will receive consideration for employment without regard to race, color, religion, gender, gender identity, sexual orientation, national origin, ethnicity, age, disability, marital status, veteran status (United States positions), or any other characteristic protected by law.

Reasonable accommodation during the application process is available for persons with disabilities. Please contact Application_Accommodation@colpal.com with the subject ""Accommodation Request"" should you require accommodation.

For additional Colgate terms and conditions, please click here.

",191000
"Scope

The Building Automation Controls Technician is responsible for completing service calls while maintaining positive client relations.

Duties

Complete scheduled preventative maintenance and emergency service calls on existing BMS systems.Troubleshoot installations and correct deficiencies without direct supervision.Effectively communicate with customers to evaluate service needs, maintain proper scheduling and ensure high levels of customer satisfaction.Monitor customer buildings to ensure optimum performance standards are being achieved. Fine tune systems as new programs and sequences are developed.Identify opportunities for additional building enhancements and perform upgrades and/or small scale retrofits on existing systems.Perform building surveys and work with Service Manager on estimating additional work.Perform necessary software programming, equipment start-up, tuning and calibration and commissioning of BAS systems.Be proficient in knowledge of following equipment: VAVs, Exhaust Fans, Unit Vents, AHUs, Hot Water Systems, Chiller Water Systems, and Lighting.Stay informed of industry developments for energy savings strategies.Effectively provide feedback to supervisor for ways to improve the installation process.Utilize Automated Logic’s Dealer website and stay current on technical data and solutions for existing problems and updates.Assume additional responsibilities as needed and approved by management.

Qualifications

Field experience in the HVAC controls industry including DDC Systems commissioning, software integration operation, calibration and experience with pneumatic controls.Knowledge of Automated Logic commissioning tools and field circuit debugging skills.Understanding of the construction industry with emphasis in mechanical/electrical fields.Ability to read and understand mechanical and electrical drawings.Strong communication, organizational and documentation skills.Competency in Microsoft Word, Excel, WebCTRL, Autocad, various operating systems.Proven track record of completing projects, being self-motivated and achieving customer satisfaction.Deploy, revise, checkout, and commission building automation, DDC, energy management and controls systems hardware, software and graphics.Field Supervisor positions also available for individuals with more than 3-4 years’ experience, and capable of supervision of subcontractors.

As a leading provider of mechanical and electrical construction, facilities services, and energy infrastructure, EMCOR Group offers employees a competitive salary and benefits package and we are always looking for individuals with the talent and skills required to contribute to our continued growth and success. Equal Opportunity Employer/Veterans/Disabled.

Compensation Range: 60K to 110K depending on experience

Benefits: We are committed to providing employees a comprehensive benefits package which includes medical, dental, and vision coverage, along with health savings and flexible spending accounts, life insurance, disability, a 401(k) Savings Plan, College Coach and employee assistance program.

Notice to prospective employees: There have been fraudulent postings and emails regarding job openings. EMCOR Group and its companies. Please check our available positions to confirm that a post or email is genuine. EMCOR Group and its companies do not reach out to individuals to help with marketing or other similar services. If an individual is contacted for services outside of EMCOR’s normal application process – it is probably fraudulent.",110000
"Company Description

NBCUniversal owns and operates over 20 different businesses across 30 countries including a valuable portfolio of news and entertainment television networks, a premier motion picture company, significant television production operations, a leading television stations group, world-renowned theme parks and a premium ad-supported streaming service.

Here you can be your authentic self. As a company uniquely positioned to educate, entertain and empower through our platforms, Comcast NBCUniversal stands for including everyone. Our Diversity, Equity and Inclusion initiatives, coupled with our Corporate Social Responsibility work, is informed by our employees, audiences, park guests and the communities in which we live. We strive to foster a diverse, equitable and inclusive culture where our employees feel supported, embraced and heard. Together, we’ll continue to create and deliver content that reflects the current and ever-changing face of the world.

Job Description

Our Direct-to-Consumer (DTC) portfolio is a powerhouse collection of consumer-first brands, supported by media industry leaders, Comcast, NBCUniversal and Sky. When you join our team, you’ll work across our dynamic portfolio including Peacock, NOW, Fandango, SkyShowtime, Showmax, and TV Everywhere, powering streaming across more than 70 countries globally. And the evolution doesn’t stop there. With unequalled scale, our teams make the most out of every opportunity to collaborate and learn from one another. We’re always looking for ways to innovate faster, accelerate our growth and consistently offer the very best in consumer experience. But most of all, we’re backed by a culture of respect. We embrace authenticity and inspire people to thrive. The team is looking for a Video Engineer. The day to day includes:

Using in-house & third-party tools, build and support the VOD, live and linear pipeline for streaming video, optimizing video encoding, packaging, and deliveryVerify playback manifest specifications and validate playback across multiple platforms.Create comprehensive test plan/cases to validate all business requirements.Providing support for live events and other linear channelsUse requirements and modeling to work with Product Owners to implement smart technology solutions ad tools delivery premium quality audio and video experiencesContinuously learn, improve, and optimize processes and ways of workingManage and maintain cloud-based content delivery and services

What’s In It For You?

Working for a well-known, globally leading Media Streaming organizationExposure to high-level business professionals in a variety of departments and geographic locationsOpportunity to work and grow your career in fast-paced environment

Qualifications

Bachelor’s degree or equivalent in Computer Science, Information Technology, or related field3+ years’ of experience in Video Software Engineering.Experience working with digital video workflow and operations, and digital video technology developmentUnderstanding of playback protocols such as DASH, CMAF/HLS and specifications.Understand how APIs work and experience in validating and verifying APIs using testing tools like postman, Charles proxyTechnical experience with cloud-based technologies, specifically within architecture/infrastructure (AWS)Experience in working with teams building real-time, large-scale, low-latency distributed systemsFamiliar with CI/CD pipelines and large-scale deploymentKey understanding of technology principles and work methods (Agile, Scrum, etc.)

Preferred Qualifications

Knowledge with Server Side Ad insertion (SSAI), transcoding and packagingKnowledge of OTT video delivery pipelines including basic networking concepts, source origination, video ingest & encoding, and packing including encryption and DRM

Additional Information

This position is eligible for company sponsored benefits, including medical, dental, and vision insurance, 401(k), paid leave, tuition reimbursement, and a variety of other discounts and perks. Learn more about the benefits offered by NBCUniversal by visiting the Benefits page of the Careers website. Salary range: $110,000 - $160,000

If you are a qualified individual with a disability or a disabled veteran, you have the right to request a reasonable accommodation if you are unable or limited in your ability to use or access nbcunicareers.com as a result of your disability. You can request reasonable accommodations by emailing AccessibilitySupport@nbcuni.com.",160000